subitem,grupo,subgrupo,item,subjacente,nucleo_ex0,nucleo_ex01,nucleo_ex02,nucleo_ex03,nucleo_ex03_servicos,nucleo_ex03_industriais,nucleo_exfe
1101002 Arroz,Livres,Alimentos,Alimentos semi-elaborados,,0,0,0,0,0,0,0
1101051 Feijão - mulatinho,Livres,Alimentos,Alimentos semi-elaborados,,0,0,0,0,0,0,0
1101052 Feijão - preto,Livres,Alimentos,Alimentos semi-elaborados,,0,0,0,0,0,0,0
1101053 Feijão - macáçar (fradinho),Livres,Alimentos,Alimentos semi-elaborados,,0,0,0,0,0,0,0
1101073 Feijão - carioca (rajado),Livres,Alimentos,Alimentos semi-elaborados,,0,0,0,0,0,0,0
1101079 Milho (em grão),Livres,Alimentos,Alimentos semi-elaborados,,0,0,0,0,0,0,0
1102001 Farinha de arroz,Livres,Alimentos,Alimentos industrializados,,0,1,0,0,0,0,0
1102006 Macarrão,Livres,Alimentos,Alimentos industrializados,,0,1,0,0,0,0,0
1102008 Fubá de milho,Livres,Alimentos,Alimentos industrializados,,0,1,0,0,0,0,0
1102010 Flocos de milho,Livres,Alimentos,Alimentos industrializados,,0,1,0,0,0,0,0
1102012 Farinha de trigo,Livres,Alimentos,Alimentos industrializados,,0,1,0,0,0,0,0
1102023 Farinha de mandioca,Livres,Alimentos,Alimentos industrializados,,0,1,0,0,0,0,0
1102029 Massa semipreparada,Livres,Alimentos,Alimentos industrializados,,0,1,0,0,0,0,0
1102061 Macarrão instantâneo,Livres,Alimentos,Alimentos industrializados,,0,1,0,0,0,0,0
1103002 Batata-doce,Livres,Alimentos,Alimentos in natura,,0,0,0,0,0,0,0
1103003 Batata-inglesa,Livres,Alimentos,Alimentos in natura,,0,0,0,0,0,0,0
1103004 Inhame,Livres,Alimentos,Alimentos in natura,,0,0,0,0,0,0,0
1103005 Mandioca (aipim),Livres,Alimentos,Alimentos in natura,,0,0,0,0,0,0,0
1103020 Abobrinha,Livres,Alimentos,Alimentos in natura,,0,0,0,0,0,0,0
1103025 Pepino,Livres,Alimentos,Alimentos in natura,,0,0,0,0,0,0,0
1103026 Pimentão,Livres,Alimentos,Alimentos in natura,,0,0,0,0,0,0,0
1103028 Tomate,Livres,Alimentos,Alimentos in natura,,0,0,0,0,0,0,0
1103043 Cebola,Livres,Alimentos,Alimentos in natura,,0,0,0,0,0,0,0
1103044 Cenoura,Livres,Alimentos,Alimentos in natura,,0,0,0,0,0,0,0
1104003 Açúcar refinado,Livres,Alimentos,Alimentos industrializados,,0,0,0,0,0,0,0
1104004 Açúcar cristal,Livres,Alimentos,Alimentos industrializados,,0,0,0,0,0,0,0
1104018 Balas,Livres,Alimentos,Alimentos industrializados,,0,0,0,0,0,0,0
1104023 Chocolate em barra e bombom,Livres,Alimentos,Alimentos industrializados,,0,0,0,0,0,0,0
1104032 Sorvete,Livres,Alimentos,Alimentos industrializados,,0,0,0,0,0,0,0
1104052 Chocolate e achocolatado em pó,Livres,Alimentos,Alimentos industrializados,,0,0,0,0,0,0,0
1104060 Doce de frutas em pasta,Livres,Alimentos,Alimentos industrializados,,0,0,0,0,0,0,0
1104067 Açúcar demerara,Livres,Alimentos,Alimentos industrializados,,0,0,0,0,0,0,0
1105001 Alface,Livres,Alimentos,Alimentos in natura,,0,0,0,0,0,0,0
1105004 Coentro,Livres,Alimentos,Alimentos in natura,,0,0,0,0,0,0,0
1105005 Couve,Livres,Alimentos,Alimentos in natura,,0,0,0,0,0,0,0
1105006 Couve-flor,Livres,Alimentos,Alimentos in natura,,0,0,0,0,0,0,0
1105010 Repolho,Livres,Alimentos,Alimentos in natura,,0,0,0,0,0,0,0
1105012 Cheiro-verde,Livres,Alimentos,Alimentos in natura,,0,0,0,0,0,0,0
1105019 Brócolis,Livres,Alimentos,Alimentos in natura,,0,0,0,0,0,0,0
1106001 Banana-da-terra,Livres,Alimentos,Alimentos in natura,,0,0,0,0,0,0,0
1106003 Abacaxi,Livres,Alimentos,Alimentos in natura,,0,0,0,0,0,0,0
1106004 Abacate,Livres,Alimentos,Alimentos in natura,,0,0,0,0,0,0,0
1106005 Banana - d'água,Livres,Alimentos,Alimentos in natura,,0,0,0,0,0,0,0
1106006 Banana - maçã,Livres,Alimentos,Alimentos in natura,,0,0,0,0,0,0,0
1106008 Banana - prata,Livres,Alimentos,Alimentos in natura,,0,0,0,0,0,0,0
1106011 Laranja - baía,Livres,Alimentos,Alimentos in natura,,0,0,0,0,0,0,0
1106012 Laranja - lima,Livres,Alimentos,Alimentos in natura,,0,0,0,0,0,0,0
1106015 Limão,Livres,Alimentos,Alimentos in natura,,0,0,0,0,0,0,0
1106017 Maçã,Livres,Alimentos,Alimentos in natura,,0,0,0,0,0,0,0
1106018 Mamão,Livres,Alimentos,Alimentos in natura,,0,0,0,0,0,0,0
1106019 Manga,Livres,Alimentos,Alimentos in natura,,0,0,0,0,0,0,0
1106020 Maracujá,Livres,Alimentos,Alimentos in natura,,0,0,0,0,0,0,0
1106021 Melancia,Livres,Alimentos,Alimentos in natura,,0,0,0,0,0,0,0
1106022 Melão,Livres,Alimentos,Alimentos in natura,,0,0,0,0,0,0,0
1106023 Pera,Livres,Alimentos,Alimentos in natura,,0,0,0,0,0,0,0
1106027 Tangerina,Livres,Alimentos,Alimentos in natura,,0,0,0,0,0,0,0
1106028 Uva,Livres,Alimentos,Alimentos in natura,,0,0,0,0,0,0,0
1106039 Laranja - pera,Livres,Alimentos,Alimentos in natura,,0,0,0,0,0,0,0
1106051 Morango,Livres,Alimentos,Alimentos in natura,,0,0,0,0,0,0,0
1106084 Goiaba,Livres,Alimentos,Alimentos in natura,,0,0,0,0,0,0,0
1107009 Fígado,Livres,Alimentos,Alimentos semi-elaborados,,0,0,0,0,0,0,0
1107018 Carne de porco,Livres,Alimentos,Alimentos semi-elaborados,,0,0,0,0,0,0,0
1107031 Carne de carneiro,Livres,Alimentos,Alimentos semi-elaborados,,0,0,0,0,0,0,0
1107081 Cupim,Livres,Alimentos,Alimentos semi-elaborados,,0,0,0,0,0,0,0
1107084 Contrafilé,Livres,Alimentos,Alimentos semi-elaborados,,0,0,0,0,0,0,0
1107085 Filé-mignon,Livres,Alimentos,Alimentos semi-elaborados,,0,0,0,0,0,0,0
1107087 Chã de dentro,Livres,Alimentos,Alimentos semi-elaborados,,0,0,0,0,0,0,0
1107088 Alcatra,Livres,Alimentos,Alimentos semi-elaborados,,0,0,0,0,0,0,0
1107089 Patinho,Livres,Alimentos,Alimentos semi-elaborados,,0,0,0,0,0,0,0
1107090 Lagarto redondo,Livres,Alimentos,Alimentos semi-elaborados,,0,0,0,0,0,0,0
1107091 Lagarto comum,Livres,Alimentos,Alimentos semi-elaborados,,0,0,0,0,0,0,0
1107093 Músculo,Livres,Alimentos,Alimentos semi-elaborados,,0,0,0,0,0,0,0
1107094 Pá,Livres,Alimentos,Alimentos semi-elaborados,,0,0,0,0,0,0,0
1107095 Acém,Livres,Alimentos,Alimentos semi-elaborados,,0,0,0,0,0,0,0
1107096 Peito,Livres,Alimentos,Alimentos semi-elaborados,,0,0,0,0,0,0,0
1107097 Capa de filé,Livres,Alimentos,Alimentos semi-elaborados,,0,0,0,0,0,0,0
1107099 Costela,Livres,Alimentos,Alimentos semi-elaborados,,0,0,0,0,0,0,0
1107208 Picanha,Livres,Alimentos,Alimentos semi-elaborados,,0,0,0,0,0,0,0
1108002 Peixe - anchova,Livres,Alimentos,Alimentos semi-elaborados,,0,0,0,0,0,0,0
1108004 Peixe - corvina,Livres,Alimentos,Alimentos semi-elaborados,,0,0,0,0,0,0,0
1108011 Peixe - tainha,Livres,Alimentos,Alimentos semi-elaborados,,0,0,0,0,0,0,0
1108012 Peixe - sardinha,Livres,Alimentos,Alimentos semi-elaborados,,0,0,0,0,0,0,0
1108013 Camarão,Livres,Alimentos,Alimentos semi-elaborados,,0,0,0,0,0,0,0
1108019 Peixe - cavala,Livres,Alimentos,Alimentos semi-elaborados,,0,0,0,0,0,0,0
1108029 Peixe - cação,Livres,Alimentos,Alimentos semi-elaborados,,0,0,0,0,0,0,0
1108031 Peixe - merluza,Livres,Alimentos,Alimentos semi-elaborados,,0,0,0,0,0,0,0
1108032 Peixe - serra,Livres,Alimentos,Alimentos semi-elaborados,,0,0,0,0,0,0,0
1108038 Peixe - pescada,Livres,Alimentos,Alimentos semi-elaborados,,0,0,0,0,0,0,0
1108045 Caranguejo,Livres,Alimentos,Alimentos semi-elaborados,,0,0,0,0,0,0,0
1108049 Peixe - castanha,Livres,Alimentos,Alimentos semi-elaborados,,0,0,0,0,0,0,0
1108052 Peixe - palombeta,Livres,Alimentos,Alimentos semi-elaborados,,0,0,0,0,0,0,0
1108072 Peixe - curimatã,Livres,Alimentos,Alimentos semi-elaborados,,0,0,0,0,0,0,0
1108075 Peixe - salmão,Livres,Alimentos,Alimentos semi-elaborados,,0,0,0,0,0,0,0
1108080 Peixe - tilápia,Livres,Alimentos,Alimentos semi-elaborados,,0,0,0,0,0,0,0
1108087 Peixe - tambaqui,Livres,Alimentos,Alimentos semi-elaborados,,0,0,0,0,0,0,0
1108088 Peixe - dourada,Livres,Alimentos,Alimentos semi-elaborados,,0,0,0,0,0,0,0
1108092 Peixe - filhote,Livres,Alimentos,Alimentos semi-elaborados,,0,0,0,0,0,0,0
1108096 Peixe - peroá,Livres,Alimentos,Alimentos semi-elaborados,,0,0,0,0,0,0,0
1108112 Peixe - pintado,Livres,Alimentos,Alimentos semi-elaborados,,0,0,0,0,0,0,0
1108125 Peixe - aruanã,Livres,Alimentos,Alimentos semi-elaborados,,0,0,0,0,0,0,0
1109002 Presunto,Livres,Alimentos,Alimentos industrializados,Alimentos Subjacente,0,1,1,0,0,0,0
1109007 Salsicha,Livres,Alimentos,Alimentos industrializados,Alimentos Subjacente,0,1,1,0,0,0,0
1109008 Linguiça,Livres,Alimentos,Alimentos industrializados,Alimentos Subjacente,0,1,1,0,0,0,0
1109010 Mortadela,Livres,Alimentos,Alimentos industrializados,Alimentos Subjacente,0,1,1,0,0,0,0
1109012 Salame,Livres,Alimentos,Alimentos industrializados,Alimentos Subjacente,0,1,1,0,0,0,0
1109023 Bacalhau,Livres,Alimentos,Alimentos industrializados,Alimentos Subjacente,0,1,1,0,0,0,0
1109056 Carne-seca e de sol,Livres,Alimentos,Alimentos industrializados,Alimentos Subjacente,0,1,1,0,0,0,0
1109058 Carne de porco salgada e defumada,Livres,Alimentos,Alimentos industrializados,Alimentos Subjacente,0,1,1,0,0,0,0
1110009 Frango inteiro,Livres,Alimentos,Alimentos semi-elaborados,,0,0,0,0,0,0,0
1110010 Frango em pedaços,Livres,Alimentos,Alimentos semi-elaborados,,0,0,0,0,0,0,0
1110044 Ovo de galinha,Livres,Alimentos,Alimentos in natura,,0,0,0,0,0,0,0
1111004 Leite longa vida,Livres,Alimentos,Alimentos semi-elaborados,,0,0,0,0,0,0,0
1111008 Leite condensado,Livres,Alimentos,Alimentos industrializados,,0,0,0,0,0,0,0
1111009 Leite em pó,Livres,Alimentos,Alimentos industrializados,,0,0,0,0,0,0,0
1111011 Queijo,Livres,Alimentos,Alimentos industrializados,,0,0,0,0,0,0,0
1111019 Iogurte e bebidas lácteas,Livres,Alimentos,Alimentos industrializados,,0,0,0,0,0,0,0
1111021 Requeijão,Livres,Alimentos,Alimentos industrializados,,0,0,0,0,0,0,0
1111031 Manteiga,Livres,Alimentos,Alimentos industrializados,,0,0,0,0,0,0,0
1111038 Leite fermentado,Livres,Alimentos,Alimentos industrializados,,0,0,0,0,0,0,0
1112003 Biscoito,Livres,Alimentos,Alimentos industrializados,Alimentos Subjacente,0,1,1,0,0,0,0
1112015 Pão francês,Livres,Alimentos,Alimentos industrializados,Alimentos Subjacente,0,1,1,0,0,0,0
1112017 Pão doce,Livres,Alimentos,Alimentos industrializados,Alimentos Subjacente,0,1,1,0,0,0,0
1112018 Pão de forma,Livres,Alimentos,Alimentos industrializados,Alimentos Subjacente,0,1,1,0,0,0,0
1112019 Bolo,Livres,Alimentos,Alimentos industrializados,Alimentos Subjacente,0,1,1,0,0,0,0
1112025 Pão de queijo,Livres,Alimentos,Alimentos industrializados,Alimentos Subjacente,0,1,1,0,0,0,0
1113013 Óleo de soja,Livres,Alimentos,Alimentos industrializados,,0,0,0,0,0,0,0
1113014 Azeite de oliva,Livres,Alimentos,Alimentos industrializados,,0,0,0,0,0,0,0
1113040 Margarina,Livres,Alimentos,Alimentos industrializados,,0,0,0,0,0,0,0
1114001 Suco de frutas,Livres,Alimentos,Alimentos industrializados,Alimentos Subjacente,0,1,1,0,0,0,0
1114003 Polpa de fruta (congelada),Livres,Alimentos,Alimentos industrializados,Alimentos Subjacente,0,1,1,0,0,0,0
1114004 Açaí (emulsão),Livres,Alimentos,Alimentos industrializados,Alimentos Subjacente,0,1,1,0,0,0,0
1114022 Café moído,Livres,Alimentos,Alimentos industrializados,Alimentos Subjacente,0,1,1,0,0,0,0
1114023 Café solúvel,Livres,Alimentos,Alimentos industrializados,Alimentos Subjacente,0,1,1,0,0,0,0
1114083 Refrigerante e água mineral,Livres,Alimentos,Alimentos industrializados,Alimentos Subjacente,0,1,1,0,0,0,0
1114084 Cerveja,Livres,Alimentos,Alimentos industrializados,Alimentos Subjacente,0,1,1,0,0,0,1
1114085 Outras bebidas alcoólicas,Livres,Alimentos,Alimentos industrializados,Alimentos Subjacente,0,1,1,0,0,0,1
1114087 Vinho,Livres,Alimentos,Alimentos industrializados,Alimentos Subjacente,0,1,1,0,0,0,1
1114090 Suco em pó,Livres,Alimentos,Alimentos industrializados,Alimentos Subjacente,0,1,1,0,0,0,0
1114091 Chá mate (erva mate),Livres,Alimentos,Alimentos industrializados,Alimentos Subjacente,0,1,1,0,0,0,0
1115013 Alimento infantil,Livres,Alimentos,Alimentos industrializados,Alimentos Subjacente,0,1,1,0,0,0,0
1115016 Palmito em conserva,Livres,Alimentos,Alimentos industrializados,Alimentos Subjacente,0,1,1,0,0,0,0
1115017 Pepino em conserva,Livres,Alimentos,Alimentos industrializados,Alimentos Subjacente,0,1,1,0,0,0,0
1115039 Sardinha em conserva,Livres,Alimentos,Alimentos industrializados,Alimentos Subjacente,0,1,1,0,0,0,0
1115050 Salsicha em conserva,Livres,Alimentos,Alimentos industrializados,Alimentos Subjacente,0,1,1,0,0,0,0
1115056 Sopa desidratada,Livres,Alimentos,Alimentos industrializados,Alimentos Subjacente,0,1,1,0,0,0,0
1115057 Azeitona,Livres,Alimentos,Alimentos industrializados,Alimentos Subjacente,0,1,1,0,0,0,0
1115058 Milho-verde em conserva,Livres,Alimentos,Alimentos industrializados,Alimentos Subjacente,0,1,1,0,0,0,0
1115075 Atum em conserva,Livres,Alimentos,Alimentos industrializados,Alimentos Subjacente,0,1,1,0,0,0,0
1116001 Leite de coco,Livres,Alimentos,Alimentos industrializados,,0,1,0,0,0,0,0
1116005 Atomatado,Livres,Alimentos,Alimentos industrializados,,0,1,0,0,0,0,0
1116010 Alho,Livres,Alimentos,Alimentos industrializados,,0,1,0,0,0,0,0
1116013 Sal,Livres,Alimentos,Alimentos industrializados,,0,1,0,0,0,0,0
1116022 Colorau,Livres,Alimentos,Alimentos industrializados,,0,1,0,0,0,0,0
1116023 Caldo de tucupi,Livres,Alimentos,Alimentos industrializados,,0,1,0,0,0,0,0
1116026 Fermento,Livres,Alimentos,Alimentos industrializados,,0,1,0,0,0,0,0
1116033 Maionese,Livres,Alimentos,Alimentos industrializados,,0,1,0,0,0,0,0
1116041 Vinagre,Livres,Alimentos,Alimentos industrializados,,0,1,0,0,0,0,0
1116048 Caldo concentrado,Livres,Alimentos,Alimentos industrializados,,0,1,0,0,0,0,0
1116071 Tempero misto,Livres,Alimentos,Alimentos industrializados,,0,1,0,0,0,0,0
1201001 Refeição,Livres,Serviços,Serviços Subjacente,Serviços Subjacente,1,1,1,1,1,0,1
1201003 Lanche,Livres,Serviços,Serviços Subjacente,Serviços Subjacente,1,1,1,1,1,0,1
1201007 Refrigerante e água mineral,Livres,Serviços,Serviços Subjacente,Serviços Subjacente,1,1,1,1,1,0,1
1201009 Cafezinho,Livres,Serviços,Serviços Subjacente,Serviços Subjacente,1,1,1,1,1,0,1
1201048 Cerveja,Livres,Serviços,Serviços Subjacente,Serviços Subjacente,1,1,1,1,1,0,1
1201051 Outras bebidas alcoólicas,Livres,Serviços,Serviços Subjacente,Serviços Subjacente,1,1,1,1,1,0,1
1201052 Vinho,Livres,Serviços,Serviços Subjacente,Serviços Subjacente,1,1,1,1,1,0,1
1201061 Doces,Livres,Serviços,Serviços Subjacente,Serviços Subjacente,1,1,1,1,1,0,1
1201088 Sorvete,Livres,Serviços,Serviços Subjacente,Serviços Subjacente,1,1,1,1,1,0,1
2101001 Aluguel residencial,Livres,Serviços,Serviços Subjacente,Serviços Subjacente,1,1,1,1,1,0,1
2101002 Condomínio,Livres,Serviços,Serviços Subjacente,Serviços Subjacente,1,1,1,1,1,0,1
2101004 Taxa de água e esgoto,Monitorados,Monitorados,Monitorados,,0,1,0,0,0,0,1
2101012 Mudança,Livres,Serviços,Serviços Subjacente,Serviços Subjacente,1,1,1,1,1,0,1
2103005 Ferragens,Livres,Bens Industriais,Não Duráveis,Bens Industriais Subjacente,1,1,1,1,0,1,1
2103008 Material de eletricidade,Livres,Bens Industriais,Não Duráveis,Bens Industriais Subjacente,1,1,1,1,0,1,1
2103012 Vidro,Livres,Bens Industriais,Não Duráveis,Bens Industriais Subjacente,1,1,1,1,0,1,1
2103014 Tinta,Livres,Bens Industriais,Não Duráveis,Bens Industriais Subjacente,1,1,1,1,0,1,1
2103032 Revestimento de piso e parede,Livres,Bens Industriais,Não Duráveis,Bens Industriais Subjacente,1,1,1,1,0,1,1
2103038 Madeira e taco,Livres,Bens Industriais,Não Duráveis,Bens Industriais Subjacente,1,1,1,1,0,1,1
2103039 Cimento,Livres,Bens Industriais,Não Duráveis,Bens Industriais Subjacente,1,1,1,1,0,1,1
2103040 Tijolo,Livres,Bens Industriais,Não Duráveis,Bens Industriais Subjacente,1,1,1,1,0,1,1
2103041 Material hidráulico,Livres,Bens Industriais,Não Duráveis,Bens Industriais Subjacente,1,1,1,1,0,1,1
2103042 Mão de obra,Livres,Serviços,Serviços Ex Subjacentes,,1,1,0,0,0,0,1
2103048 Areia,Livres,Bens Industriais,Não Duráveis,Bens Industriais Subjacente,1,1,1,1,0,1,1
2103049 Pedras,Livres,Bens Industriais,Não Duráveis,Bens Industriais Subjacente,1,1,1,1,0,1,1
2103055 Telha,Livres,Bens Industriais,Não Duráveis,Bens Industriais Subjacente,1,1,1,1,0,1,1
2104003 Saco para lixo,Livres,Bens Industriais,Não Duráveis,Bens Industriais Subjacente,1,1,1,1,0,1,1
2104005 Água sanitária,Livres,Bens Industriais,Não Duráveis,Bens Industriais Subjacente,1,1,1,1,0,1,1
2104008 Detergente,Livres,Bens Industriais,Não Duráveis,Bens Industriais Subjacente,1,1,1,1,0,1,1
2104009 Sabão em pó,Livres,Bens Industriais,Não Duráveis,Bens Industriais Subjacente,1,1,1,1,0,1,1
2104012 Desinfetante,Livres,Bens Industriais,Não Duráveis,Bens Industriais Subjacente,1,1,1,1,0,1,1
2104015 Sabão em barra,Livres,Bens Industriais,Não Duráveis,Bens Industriais Subjacente,1,1,1,1,0,1,1
2104016 Esponja de limpeza,Livres,Bens Industriais,Não Duráveis,Bens Industriais Subjacente,1,1,1,1,0,1,1
2104019 Sabão líquido,Livres,Bens Industriais,Não Duráveis,Bens Industriais Subjacente,1,1,1,1,0,1,1
2104020 Limpador multiuso,Livres,Bens Industriais,Não Duráveis,Bens Industriais Subjacente,1,1,1,1,0,1,1
2104041 Papel toalha,Livres,Bens Industriais,Não Duráveis,Bens Industriais Subjacente,1,1,1,1,0,1,1
2104085 Amaciante e alvejante,Livres,Bens Industriais,Não Duráveis,Bens Industriais Subjacente,1,1,1,1,0,1,1
2201003 Carvão vegetal,Livres,Bens Industriais,Não Duráveis,Bens Industriais Subjacente,1,0,1,1,0,1,0
2201004 Gás de botijão,Monitorados,Monitorados,Monitorados,,0,0,0,0,0,0,0
2201005 Gás encanado,Monitorados,Monitorados,Monitorados,,0,0,0,0,0,0,0
2202003 Energia elétrica residencial,Monitorados,Monitorados,Monitorados,,0,1,0,0,0,0,0
3101002 Móvel para sala,Livres,Bens Industriais,Duráveis,Bens Industriais Subjacente,1,1,1,1,0,1,1
3101003 Móvel para quarto,Livres,Bens Industriais,Duráveis,Bens Industriais Subjacente,1,1,1,1,0,1,1
3101015 Móvel para copa e cozinha,Livres,Bens Industriais,Duráveis,Bens Industriais Subjacente,1,1,1,1,0,1,1
3101016 Móvel infantil,Livres,Bens Industriais,Duráveis,Bens Industriais Subjacente,1,1,1,1,0,1,1
3101017 Colchão,Livres,Bens Industriais,Duráveis,Bens Industriais Subjacente,1,1,1,1,0,1,1
3102001 Artigos de iluminação,Livres,Bens Industriais,Duráveis,Bens Industriais Subjacente,1,1,1,1,0,1,1
3102005 Tapete,Livres,Bens Industriais,Duráveis,Bens Industriais Subjacente,1,1,1,1,0,1,1
3102006 Cortina,Livres,Bens Industriais,Semi-duráveis,Bens Industriais Subjacente,1,1,1,1,0,1,1
3102007 Utensílios de metal,Livres,Bens Industriais,Semi-duráveis,Bens Industriais Subjacente,1,1,1,1,0,1,1
3102009 Utensílios de vidro e louça,Livres,Bens Industriais,Semi-duráveis,Bens Industriais Subjacente,1,1,1,1,0,1,1
3102010 Utensílios de plástico,Livres,Bens Industriais,Semi-duráveis,Bens Industriais Subjacente,1,1,1,1,0,1,1
3102035 Flores naturais,Livres,Bens Industriais,Não Duráveis,Bens Industriais Subjacente,1,1,1,1,0,1,1
3102337 Utensílios para bebê,Livres,Bens Industriais,Semi-duráveis,Bens Industriais Subjacente,1,1,1,1,0,1,1
3103001 Roupa de cama,Livres,Bens Industriais,Semi-duráveis,Bens Industriais Subjacente,1,1,1,1,0,1,1
3103003 Roupa de banho,Livres,Bens Industriais,Semi-duráveis,Bens Industriais Subjacente,1,1,1,1,0,1,1
3201001 Refrigerador,Livres,Bens Industriais,Duráveis,,1,1,0,0,0,0,1
3201002 Ar-condicionado,Livres,Bens Industriais,Duráveis,,1,1,0,0,0,0,1
3201006 Máquina de lavar roupa,Livres,Bens Industriais,Duráveis,,1,1,0,0,0,0,1
3201013 Ventilador,Livres,Bens Industriais,Semi-duráveis,,1,1,0,0,0,0,1
3201021 Fogão,Livres,Bens Industriais,Duráveis,,1,1,0,0,0,0,1
3201050 Chuveiro elétrico,Livres,Bens Industriais,Duráveis,,1,1,0,0,0,0,1
3202001 Televisor,Livres,Bens Industriais,Duráveis,,1,1,0,0,0,0,1
3202003 Aparelho de som,Livres,Bens Industriais,Duráveis,,1,1,0,0,0,0,1
3202008 Videogame (console),Livres,Bens Industriais,Semi-duráveis,,1,1,0,0,0,0,1
3202028 Computador pessoal,Livres,Bens Industriais,Duráveis,,1,1,0,0,0,0,1
3301002 Conserto de refrigerador,Livres,Serviços,Serviços Subjacente,Serviços Subjacente,1,1,1,1,1,0,1
3301006 Conserto de televisor,Livres,Serviços,Serviços Subjacente,Serviços Subjacente,1,1,1,1,1,0,1
3301015 Conserto de máquina de lavar roupa,Livres,Serviços,Serviços Subjacente,Serviços Subjacente,1,1,1,1,1,0,1
3301022 Reforma de estofado,Livres,Serviços,Serviços Subjacente,Serviços Subjacente,1,1,1,1,1,0,1
3301088 Conserto de aparelho celular,Livres,Serviços,Serviços Subjacente,Serviços Subjacente,1,1,1,1,1,0,1
3301130 Conserto de bicicleta,Livres,Serviços,Serviços Subjacente,Serviços Subjacente,1,1,1,1,1,0,1
4101002 Calça comprida masculina,Livres,Bens Industriais,Semi-duráveis,Bens Industriais Subjacente,1,1,1,1,0,1,1
4101005 Agasalho masculino,Livres,Bens Industriais,Semi-duráveis,Bens Industriais Subjacente,1,1,1,1,0,1,1
4101006 Bermuda/short masculino,Livres,Bens Industriais,Semi-duráveis,Bens Industriais Subjacente,1,1,1,1,0,1,1
4101008 Cueca,Livres,Bens Industriais,Semi-duráveis,Bens Industriais Subjacente,1,1,1,1,0,1,1
4101009 Camisa/camiseta masculina,Livres,Bens Industriais,Semi-duráveis,Bens Industriais Subjacente,1,1,1,1,0,1,1
4102002 Calça comprida feminina,Livres,Bens Industriais,Semi-duráveis,Bens Industriais Subjacente,1,1,1,1,0,1,1
4102003 Agasalho feminino,Livres,Bens Industriais,Semi-duráveis,Bens Industriais Subjacente,1,1,1,1,0,1,1
4102004 Saia,Livres,Bens Industriais,Semi-duráveis,Bens Industriais Subjacente,1,1,1,1,0,1,1
4102005 Vestido,Livres,Bens Industriais,Semi-duráveis,Bens Industriais Subjacente,1,1,1,1,0,1,1
4102008 Blusa,Livres,Bens Industriais,Semi-duráveis,Bens Industriais Subjacente,1,1,1,1,0,1,1
4102010 Lingerie,Livres,Bens Industriais,Semi-duráveis,Bens Industriais Subjacente,1,1,1,1,0,1,1
4102013 Bermuda/short feminino,Livres,Bens Industriais,Semi-duráveis,Bens Industriais Subjacente,1,1,1,1,0,1,1
4103001 Uniforme escolar,Livres,Bens Industriais,Semi-duráveis,Bens Industriais Subjacente,1,1,1,1,0,1,1
4103002 Calça comprida infantil,Livres,Bens Industriais,Semi-duráveis,Bens Industriais Subjacente,1,1,1,1,0,1,1
4103005 Agasalho infantil,Livres,Bens Industriais,Semi-duráveis,Bens Industriais Subjacente,1,1,1,1,0,1,1
4103007 Vestido infantil,Livres,Bens Industriais,Semi-duráveis,Bens Industriais Subjacente,1,1,1,1,0,1,1
4103008 Bermuda/short infantil,Livres,Bens Industriais,Semi-duráveis,Bens Industriais Subjacente,1,1,1,1,0,1,1
4103011 Camisa/camiseta infantil,Livres,Bens Industriais,Semi-duráveis,Bens Industriais Subjacente,1,1,1,1,0,1,1
4103031 Conjunto infantil,Livres,Bens Industriais,Semi-duráveis,Bens Industriais Subjacente,1,1,1,1,0,1,1
4201002 Sapato masculino,Livres,Bens Industriais,Semi-duráveis,Bens Industriais Subjacente,1,1,1,1,0,1,1
4201003 Sapato feminino,Livres,Bens Industriais,Semi-duráveis,Bens Industriais Subjacente,1,1,1,1,0,1,1
4201004 Sapato infantil,Livres,Bens Industriais,Semi-duráveis,Bens Industriais Subjacente,1,1,1,1,0,1,1
4201015 Bolsa,Livres,Bens Industriais,Semi-duráveis,Bens Industriais Subjacente,1,1,1,1,0,1,1
4201040 Mochila,Livres,Bens Industriais,Semi-duráveis,Bens Industriais Subjacente,1,1,1,1,0,1,1
4201063 Tênis,Livres,Bens Industriais,Semi-duráveis,Bens Industriais Subjacente,1,1,1,1,0,1,1
4201098 Sandália/chinelo,Livres,Bens Industriais,Semi-duráveis,Bens Industriais Subjacente,1,1,1,1,0,1,1
4301001 Bijuteria,Livres,Bens Industriais,Duráveis,Bens Industriais Subjacente,1,1,1,1,0,1,1
4301002 Joia,Livres,Bens Industriais,Duráveis,Bens Industriais Subjacente,1,1,1,1,0,1,1
4301004 Relógio de pulso,Livres,Bens Industriais,Duráveis,Bens Industriais Subjacente,1,1,1,1,0,1,1
4401001 Tecido,Livres,Bens Industriais,Semi-duráveis,Bens Industriais Subjacente,1,1,1,1,0,1,1
4401002 Artigos de armarinho,Livres,Bens Industriais,Semi-duráveis,Bens Industriais Subjacente,1,1,1,1,0,1,1
5101001 Ônibus urbano,Monitorados,Monitorados,Monitorados,,0,1,0,0,0,0,1
5101002 Táxi,Monitorados,Monitorados,Monitorados,,0,1,0,0,0,0,1
5101004 Trem,Monitorados,Monitorados,Monitorados,,0,1,0,0,0,0,1
5101006 Ônibus intermunicipal,Monitorados,Monitorados,Monitorados,,0,1,0,0,0,0,1
5101007 Ônibus interestadual,Monitorados,Monitorados,Monitorados,,0,1,0,0,0,0,1
5101010 Passagem aérea,Livres,Serviços,Serviços Ex Subjacentes,,1,1,0,0,0,0,1
5101011 Metrô,Monitorados,Monitorados,Monitorados,,0,1,0,0,0,0,1
5101026 Transporte escolar,Livres,Serviços,Serviços Subjacente,Serviços Subjacente,1,1,1,1,1,0,1
5101051 Transporte por aplicativo,Livres,Serviços,Serviços Ex Subjacentes,,1,1,0,0,0,0,1
5101053 Integração transporte público,Monitorados,Monitorados,Monitorados,,0,1,0,0,0,0,1
5102001 Automóvel novo,Livres,Bens Industriais,Duráveis,,1,1,0,0,0,0,1
5102004 Emplacamento e licença,Monitorados,Monitorados,Monitorados,,0,1,0,0,0,0,1
5102005 Seguro voluntário de veículo,Livres,Serviços,Serviços Subjacente,Serviços Subjacente,1,1,1,1,1,0,1
5102006 Multa,Monitorados,Monitorados,Monitorados,,0,1,0,0,0,0,1
5102007 Óleo lubrificante,Livres,Bens Industriais,Não Duráveis,Bens Industriais Subjacente,1,1,1,1,0,1,0
5102009 Acessórios e peças,Livres,Bens Industriais,Semi-duráveis,Bens Industriais Subjacente,1,1,1,1,0,1,1
5102010 Pneu,Livres,Bens Industriais,Semi-duráveis,Bens Industriais Subjacente,1,1,1,1,0,1,1
5102011 Conserto de automóvel,Livres,Serviços,Serviços Subjacente,Serviços Subjacente,1,1,1,1,1,0,1
5102013 Estacionamento,Livres,Serviços,Serviços Subjacente,Serviços Subjacente,1,1,1,1,1,0,1
5102015 Pedágio,Monitorados,Monitorados,Monitorados,,0,1,0,0,0,0,1
5102020 Automóvel usado,Livres,Bens Industriais,Duráveis,,1,1,0,0,0,0,1
5102037 Pintura de veículo,Livres,Serviços,Serviços Subjacente,Serviços Subjacente,1,1,1,1,1,0,1
5102051 Aluguel de veículo,Livres,Serviços,Serviços Subjacente,Serviços Subjacente,1,1,1,1,1,0,1
5102053 Motocicleta,Livres,Bens Industriais,Duráveis,Bens Industriais Subjacente,1,1,1,1,0,1,1
5104001 Gasolina,Monitorados,Monitorados,Monitorados,,0,0,0,0,0,0,0
5104002 Etanol,Livres,Bens Industriais,Não Duráveis,,1,0,0,0,0,0,0
5104003 Óleo diesel,Monitorados,Monitorados,Monitorados,,0,0,0,0,0,0,0
5104005 Gás veicular,Monitorados,Monitorados,Monitorados,,0,0,0,0,0,0,0
6101001 Anti-infeccioso e antibiótico,Monitorados,Monitorados,Monitorados,,0,1,0,0,0,0,1
6101002 Analgésico e antitérmico,Monitorados,Monitorados,Monitorados,,0,1,0,0,0,0,1
6101003 Anti-inflamatório e antirreumático,Monitorados,Monitorados,Monitorados,,0,1,0,0,0,0,1
6101004 Antigripal e antitussígeno,Monitorados,Monitorados,Monitorados,,0,1,0,0,0,0,1
6101006 Dermatológico,Monitorados,Monitorados,Monitorados,,0,1,0,0,0,0,1
6101007 Antialérgico e broncodilatador,Monitorados,Monitorados,Monitorados,,0,1,0,0,0,0,1
6101009 Gastroprotetor,Monitorados,Monitorados,Monitorados,,0,1,0,0,0,0,1
6101010 Vitamina e fortificante,Monitorados,Monitorados,Monitorados,,0,1,0,0,0,0,1
6101011 Hormonal,Monitorados,Monitorados,Monitorados,,0,1,0,0,0,0,1
6101013 Psicotrópico e anorexígeno,Monitorados,Monitorados,Monitorados,,0,1,0,0,0,0,1
6101014 Hipotensor e hipocolesterolêmico,Monitorados,Monitorados,Monitorados,,0,1,0,0,0,0,1
6101051 Oftalmológico,Monitorados,Monitorados,Monitorados,,0,1,0,0,0,0,1
6101064 Antidiabético,Monitorados,Monitorados,Monitorados,,0,1,0,0,0,0,1
6101148 Neurológico,Monitorados,Monitorados,Monitorados,,0,1,0,0,0,0,1
6102012 Óculos de grau,Livres,Bens Industriais,Duráveis,Bens Industriais Subjacente,1,1,1,1,0,1,1
6201002 Médico,Livres,Serviços,Serviços Subjacente,Serviços Subjacente,1,1,1,1,1,0,1
6201003 Dentista,Livres,Serviços,Serviços Subjacente,Serviços Subjacente,1,1,1,1,1,0,1
6201005 Aparelho ortodôntico,Livres,Serviços,Serviços Subjacente,Serviços Subjacente,1,1,1,1,1,0,1
6201007 Fisioterapeuta,Livres,Serviços,Serviços Subjacente,Serviços Subjacente,1,1,1,1,1,0,1
6201010 Psicólogo,Livres,Serviços,Serviços Subjacente,Serviços Subjacente,1,1,1,1,1,0,1
6202003 Exame de laboratório,Livres,Serviços,Serviços Subjacente,Serviços Subjacente,1,1,1,1,1,0,1
6202004 Hospitalização e cirurgia,Livres,Serviços,Serviços Subjacente,Serviços Subjacente,1,1,1,1,1,0,1
6202006 Exame de imagem,Livres,Serviços,Serviços Subjacente,Serviços Subjacente,1,1,1,1,1,0,1
6203001 Plano de saúde,Monitorados,Monitorados,Monitorados,,0,1,0,0,0,0,1
6301001 Produto para cabelo,Livres,Bens Industriais,Não Duráveis,Bens Industriais Subjacente,1,1,1,1,0,1,1
6301002 Fralda descartável,Livres,Bens Industriais,Não Duráveis,Bens Industriais Subjacente,1,1,1,1,0,1,1
6301004 Produto para barba,Livres,Bens Industriais,Não Duráveis,Bens Industriais Subjacente,1,1,1,1,0,1,1
6301006 Produto para pele,Livres,Bens Industriais,Não Duráveis,Bens Industriais Subjacente,1,1,1,1,0,1,1
6301007 Produto para higiene bucal,Livres,Bens Industriais,Não Duráveis,Bens Industriais Subjacente,1,1,1,1,0,1,1
6301010 Produto para unha,Livres,Bens Industriais,Não Duráveis,Bens Industriais Subjacente,1,1,1,1,0,1,1
6301011 Perfume,Livres,Bens Industriais,Não Duráveis,Bens Industriais Subjacente,1,1,1,1,0,1,1
6301014 Desodorante,Livres,Bens Industriais,Não Duráveis,Bens Industriais Subjacente,1,1,1,1,0,1,1
6301015 Absorvente higiênico,Livres,Bens Industriais,Não Duráveis,Bens Industriais Subjacente,1,1,1,1,0,1,1
6301016 Sabonete,Livres,Bens Industriais,Não Duráveis,Bens Industriais Subjacente,1,1,1,1,0,1,1
6301017 Papel higiênico,Livres,Bens Industriais,Não Duráveis,Bens Industriais Subjacente,1,1,1,1,0,1,1
6301020 Artigos de maquiagem,Livres,Bens Industriais,Não Duráveis,Bens Industriais Subjacente,1,1,1,1,0,1,1
7101001 Costureira,Livres,Serviços,Serviços Subjacente,Serviços Subjacente,1,1,1,1,1,0,1
7101005 Manicure,Livres,Serviços,Serviços Subjacente,Serviços Subjacente,1,1,1,1,1,0,1
7101010 Empregado doméstico,Livres,Serviços,Serviços Ex Subjacentes,,1,1,0,0,0,0,1
7101011 Cabeleireiro e barbeiro,Livres,Serviços,Serviços Subjacente,Serviços Subjacente,1,1,1,1,1,0,1
7101014 Depilação,Livres,Serviços,Serviços Subjacente,Serviços Subjacente,1,1,1,1,1,0,1
7101034 Cartório,Monitorados,Monitorados,Monitorados,,0,1,0,0,0,0,1
7101036 Despachante,Livres,Serviços,Serviços Subjacente,Serviços Subjacente,1,1,1,1,1,0,1
7101076 Serviço bancário,Livres,Serviços,Serviços Subjacente,Serviços Subjacente,1,1,1,1,1,0,1
7101090 Conselho de classe,Monitorados,Monitorados,Monitorados,,0,1,0,0,0,0,1
7101144 Sobrancelha,Livres,Serviços,Serviços Subjacente,Serviços Subjacente,1,1,1,1,1,0,1
7201006 Clube,Livres,Serviços,Serviços Subjacente,Serviços Subjacente,1,1,1,1,1,0,1
7201010 Instrumento musical,Livres,Bens Industriais,Duráveis,Bens Industriais Subjacente,1,1,1,1,0,1,1
7201015 Tratamento de animais (clínica),Livres,Serviços,Serviços Subjacente,Serviços Subjacente,1,1,1,1,1,0,1
7201019 Bicicleta,Livres,Bens Industriais,Duráveis,Bens Industriais Subjacente,1,1,1,1,0,1,1
7201020 Alimento para animais,Livres,Bens Industriais,Não Duráveis,Bens Industriais Subjacente,1,1,1,1,0,1,1
7201023 Brinquedo,Livres,Bens Industriais,Semi-duráveis,Bens Industriais Subjacente,1,1,1,1,0,1,1
7201054 Casa noturna,Livres,Serviços,Serviços Subjacente,Serviços Subjacente,1,1,1,1,1,0,1
7201063 Jogos de azar,Monitorados,Monitorados,Monitorados,,0,1,0,0,0,0,1
7201067 Material de caça e pesca,Livres,Bens Industriais,Semi-duráveis,Bens Industriais Subjacente,1,1,1,1,0,1,1
7201090 Hospedagem,Livres,Serviços,Serviços Ex Subjacentes,,1,1,0,0,0,0,1
7201095 Pacote turístico,Livres,Serviços,Serviços Ex Subjacentes,,1,1,0,0,0,0,1
7201256 Serviço de higiene para animais,Livres,Serviços,Serviços Subjacente,Serviços Subjacente,1,1,1,1,1,0,1
"7201266 Cinema, teatro e concertos",Livres,Serviços,Serviços Subjacente,Serviços Subjacente,1,1,1,1,1,0,1
7202041 Cigarro,Livres,Bens Industriais,Não Duráveis,,1,1,0,0,0,0,1
8101001 Creche,Livres,Serviços,Serviços Ex Subjacentes,,1,1,0,0,0,0,1
8101002 Pré-escola,Livres,Serviços,Serviços Ex Subjacentes,,1,1,0,0,0,0,1
8101003 Ensino fundamental,Livres,Serviços,Serviços Ex Subjacentes,,1,1,0,0,0,0,1
8101004 Ensino médio,Livres,Serviços,Serviços Ex Subjacentes,,1,1,0,0,0,0,1
8101005 Ensino superior,Livres,Serviços,Serviços Ex Subjacentes,,1,1,0,0,0,0,1
8101006 Pós-graduação,Livres,Serviços,Serviços Ex Subjacentes,,1,1,0,0,0,0,1
8101008 Educação de jovens e adultos,Livres,Serviços,Serviços Ex Subjacentes,,1,1,0,0,0,0,1
8101045 Curso técnico,Livres,Serviços,Serviços Ex Subjacentes,,1,1,0,0,0,0,1
8102001 Jornal diário,Livres,Bens Industriais,Não Duráveis,Bens Industriais Subjacente,1,1,1,1,0,1,1
8102004 Revista,Livres,Bens Industriais,Não Duráveis,Bens Industriais Subjacente,1,1,1,1,0,1,1
8102007 Livro didático,Livres,Bens Industriais,Semi-duráveis,Bens Industriais Subjacente,1,1,1,1,0,1,1
8102008 Livro não didático,Livres,Bens Industriais,Semi-duráveis,Bens Industriais Subjacente,1,1,1,1,0,1,1
8103001 Caderno,Livres,Bens Industriais,Não Duráveis,Bens Industriais Subjacente,1,1,1,1,0,1,1
8103014 Artigos de papelaria,Livres,Bens Industriais,Não Duráveis,Bens Industriais Subjacente,1,1,1,1,0,1,1
8104001 Curso preparatório,Livres,Serviços,Serviços Ex Subjacentes,,1,1,0,0,0,0,1
8104003 Curso de idioma,Livres,Serviços,Serviços Ex Subjacentes,,1,1,0,0,0,0,1
8104004 Curso de informática,Livres,Serviços,Serviços Ex Subjacentes,,1,1,0,0,0,0,1
8104005 Autoescola,Livres,Serviços,Serviços Ex Subjacentes,,1,1,0,0,0,0,1
8104006 Atividades físicas,Livres,Serviços,Serviços Ex Subjacentes,,1,1,0,0,0,0,1
9101001 Correio,Monitorados,Monitorados,Monitorados,,0,1,0,0,0,0,1
9101002 Plano de telefonia fixa,Monitorados,Monitorados,Monitorados,,0,1,0,0,0,0,1
9101008 Plano de telefonia móvel,Livres,Serviços,Serviços Ex Subjacentes,,1,1,0,0,0,0,1
9101010 Tv por assinatura,Livres,Serviços,Serviços Ex Subjacentes,,1,1,0,0,0,0,1
9101018 Acesso à internet,Livres,Serviços,Serviços Ex Subjacentes,,1,1,0,0,0,0,1
9101019 Aparelho telefônico,Livres,Bens Industriais,Duráveis,Bens Industriais Subjacente,1,1,1,1,0,1,1
9101115 Serviços de streaming,Livres,Serviços,Serviços Ex Subjacentes,,1,1,0,0,0,0,1
"9101116 Combo de telefonia, internet e tv por assinatura",Livres,Serviços,Serviços Ex Subjacentes,,1,1,0,0,0,0,1
