"Data","Último","Abertura","Máxima","Mínima","Var%"
"31.12.2019","99,11","99,01","99,11","99,01","-0,41%"
"30.12.2019","99,52","100,00","100,00","99,52","-0,45%"
"27.12.2019","99,97","101,96","101,96","99,97","-2,00%"
"26.12.2019","102,01","103,93","103,93","102,01","-1,34%"
"25.12.2019","103,40","103,93","103,93","103,40","0,00%"
"24.12.2019","103,40","103,93","103,93","103,40","-0,11%"
"23.12.2019","103,51","103,93","103,93","103,51","-0,07%"
"20.12.2019","103,58","103,93","103,93","103,58","0,41%"
"19.12.2019","103,16","99,01","103,16","99,01","4,60%"
"18.12.2019","98,62","97,05","98,62","97,05","1,88%"
"17.12.2019","96,80","97,04","97,04","96,80","-0,50%"
"16.12.2019","97,29","100,98","100,98","97,29","-3,45%"
"13.12.2019","100,77","100,98","100,98","100,77","-0,45%"
"12.12.2019","101,23","107,85","107,85","101,23","-6,60%"
"11.12.2019","108,38","114,72","114,72","108,38","-4,92%"
"10.12.2019","113,99","116,68","116,68","113,99","-2,13%"
"09.12.2019","116,47","117,42","117,42","116,47","-0,81%"
"06.12.2019","117,42","120,62","120,62","117,42","-2,66%"
"05.12.2019","120,63","122,59","122,59","120,63","-1,27%"
"04.12.2019","122,18","124,47","124,47","122,18","-2,19%"
"03.12.2019","124,92","124,52","124,92","124,52","0,03%"
"02.12.2019","124,88","124,52","124,88","124,52","0,60%"
"29.11.2019","124,14","123,53","124,14","123,53","0,45%"
"28.11.2019","123,59","123,56","123,59","123,56","0,00%"
"27.11.2019","123,59","123,36","123,59","123,36","0,19%"
"26.11.2019","123,36","123,53","123,53","123,36","-0,49%"
"25.11.2019","123,97","123,54","123,97","123,54","-0,07%"
"22.11.2019","124,06","126,49","126,49","124,06","-2,03%"
"21.11.2019","126,63","128,41","128,41","126,63","-0,96%"
"20.11.2019","127,86","126,46","127,86","126,46","1,21%"
"19.11.2019","126,33","124,49","126,33","124,49","2,10%"
"18.11.2019","123,73","121,57","123,73","121,57","1,81%"
"15.11.2019","121,53","122,51","122,51","121,53","0,07%"
"14.11.2019","121,45","120,56","121,45","120,56","0,68%"
"13.11.2019","120,63","119,59","120,63","119,59","0,37%"
"12.11.2019","120,18","117,63","120,18","117,63","2,56%"
"11.11.2019","117,18","117,64","117,64","117,18","0,00%"
"08.11.2019","117,18","115,71","117,18","115,71","1,23%"
"07.11.2019","115,76","118,61","118,61","115,76","-2,40%"
"06.11.2019","118,61","115,70","118,61","115,70","2,92%"
"05.11.2019","115,25","114,72","115,25","114,72","0,27%"
"04.11.2019","114,94","116,67","116,67","114,94","-1,48%"
"01.11.2019","116,67","121,51","121,51","116,67","-3,82%"
"31.10.2019","121,31","117,61","121,31","117,61","2,78%"
"30.10.2019","118,03","117,14","118,03","117,14","0,76%"
"29.10.2019","117,14","117,15","117,15","117,14","-0,01%"
"28.10.2019","117,15","118,62","118,62","117,15","-1,31%"
"25.10.2019","118,71","121,54","121,54","118,71","-2,33%"
"24.10.2019","121,54","123,50","123,50","121,54","-1,58%"
"23.10.2019","123,49","126,42","126,42","123,49","-2,38%"
"22.10.2019","126,50","127,45","127,45","126,50","-0,75%"
"21.10.2019","127,45","128,39","128,39","127,45","-1,06%"
"18.10.2019","128,81","129,38","129,38","128,81","-0,68%"
"17.10.2019","129,69","131,31","131,31","129,69","-1,23%"
"16.10.2019","131,31","131,37","131,37","131,31","0,29%"
"15.10.2019","130,93","133,25","133,25","130,93","-1,83%"
"14.10.2019","133,37","133,37","133,37","133,37","0,00%"
"11.10.2019","133,37","137,29","137,29","133,37","-2,74%"
"10.10.2019","137,13","139,21","139,21","137,13","-1,91%"
"09.10.2019","139,80","143,03","143,03","139,80","-1,85%"
"08.10.2019","142,43","139,22","142,43","139,22","2,31%"
"07.10.2019","139,21","137,22","139,21","137,22","1,47%"
"04.10.2019","137,20","137,11","137,20","137,11","0,07%"
"03.10.2019","137,11","138,12","138,12","137,11","-1,17%"
"02.10.2019","138,74","138,12","138,74","138,12","1,85%"
"01.10.2019","136,22","136,22","136,22","136,22","-0,01%"
"30.09.2019","136,23","138,18","138,18","136,23","-0,70%"
"27.09.2019","137,19","137,19","137,19","137,19","0,49%"
"26.09.2019","136,52","135,32","136,52","135,32","-0,42%"
"25.09.2019","137,09","137,13","137,13","137,09","-0,01%"
"24.09.2019","137,11","132,29","137,11","132,29","4,98%"
"23.09.2019","130,60","130,31","130,60","130,31","0,12%"
"20.09.2019","130,44","118,16","130,44","118,16","10,50%"
"19.09.2019","118,04","119,64","119,64","118,04","-1,29%"
"18.09.2019","119,58","119,63","119,63","119,58","-0,04%"
"17.09.2019","119,63","121,57","121,57","119,63","-1,60%"
"16.09.2019","121,57","119,68","121,57","119,68","-1,22%"
"13.09.2019","123,07","119,66","123,07","119,66","0,00%"
"12.09.2019","123,07","123,07","123,07","123,07","-0,67%"
"11.09.2019","123,90","124,60","124,60","123,90","1,05%"
"10.09.2019","122,61","122,61","122,61","122,61","-0,78%"
"09.09.2019","123,57","123,57","123,57","123,57","0,06%"
"06.09.2019","123,49","124,60","124,60","123,49","-1,76%"
"05.09.2019","125,70","126,48","126,48","125,70","-0,64%"
"04.09.2019","126,51","132,35","132,35","126,51","-3,97%"
"03.09.2019","131,74","134,35","134,35","131,74","-1,44%"
"02.09.2019","133,67","134,34","134,34","133,67","-0,01%"
"30.08.2019","133,68","137,80","137,80","133,68","-3,24%"
"29.08.2019","138,16","140,20","140,20","138,16","-0,98%"
"28.08.2019","139,53","140,20","140,20","139,53","-0,57%"
"27.08.2019","140,33","141,23","141,23","140,33","-0,50%"
"26.08.2019","141,03","139,18","141,03","139,18","3,11%"
"23.08.2019","136,78","135,36","136,78","135,36","0,93%"
"22.08.2019","135,52","136,35","136,35","135,52","-0,72%"
"21.08.2019","136,50","139,21","139,21","136,50","-1,66%"
"20.08.2019","138,81","140,14","140,14","138,81","0,29%"
"19.08.2019","138,41","140,14","140,14","138,41","0,68%"
"16.08.2019","137,47","140,14","140,14","137,47","-1,84%"
"15.08.2019","140,05","141,14","141,14","140,05","-0,88%"
"14.08.2019","141,29","132,47","141,29","132,47","6,60%"
"13.08.2019","132,54","136,26","136,26","132,54","-2,90%"
"12.08.2019","136,50","129,48","136,50","129,48","4,95%"
"09.08.2019","130,06","129,47","130,06","129,47","0,46%"
"08.08.2019","129,46","129,46","129,46","129,46","-6,55%"
"07.08.2019","138,54","130,32","138,54","130,32","0,76%"
"06.08.2019","137,49","142,97","142,97","137,49","-3,48%"
"05.08.2019","142,45","132,35","142,45","132,35","7,74%"
"02.08.2019","132,22","130,32","132,22","130,32","4,13%"
"01.08.2019","126,98","126,49","126,98","126,49","0,62%"
"31.07.2019","126,20","126,00","126,20","126,00","0,58%"
"30.07.2019","125,47","124,52","125,47","124,52","1,13%"
"29.07.2019","124,07","123,06","124,07","123,06","0,74%"
"26.07.2019","123,16","124,54","124,54","123,16","-0,92%"
"25.07.2019","124,30","125,50","125,50","124,30","-0,79%"
"24.07.2019","125,29","126,51","126,51","125,29","-1,09%"
"23.07.2019","126,67","127,47","127,47","126,67","-0,50%"
"22.07.2019","127,31","129,40","129,40","127,31","-0,31%"
"19.07.2019","127,70","127,42","127,70","127,42","-0,22%"
"18.07.2019","127,98","129,40","129,40","127,98","-0,72%"
"17.07.2019","128,91","129,47","129,47","128,91","0,27%"
"16.07.2019","128,56","126,99","128,56","126,99","0,95%"
"15.07.2019","127,35","126,99","127,35","126,99","-0,31%"
"12.07.2019","127,75","129,49","129,49","127,75","-1,24%"
"11.07.2019","129,36","129,91","129,91","129,36","-0,68%"
"10.07.2019","130,24","142,69","142,69","130,24","-3,81%"
"09.07.2019","135,40","142,69","142,69","135,40","-5,38%"
"08.07.2019","143,10","144,25","144,25","143,10","-1,10%"
"05.07.2019","144,69","145,60","145,60","144,69","-0,96%"
"04.07.2019","146,09","145,59","146,09","145,59","0,00%"
"03.07.2019","146,09","146,54","146,54","146,09","-0,18%"
"02.07.2019","146,35","149,35","149,35","146,35","0,16%"
"01.07.2019","146,12","149,35","149,35","146,12","-2,05%"
"28.06.2019","149,18","149,35","149,35","149,18","-0,11%"
"27.06.2019","149,35","150,10","150,10","149,35","-1,67%"
"26.06.2019","151,88","152,93","152,93","151,88","0,52%"
"25.06.2019","151,09","150,93","151,09","150,93","0,50%"
"24.06.2019","150,34","149,05","150,34","149,05","0,92%"
"21.06.2019","148,97","148,04","148,97","148,04","0,90%"
"20.06.2019","147,64","151,81","151,81","147,64","-3,92%"
"19.06.2019","153,66","156,82","156,82","153,66","-2,22%"
"18.06.2019","157,15","163,72","163,72","157,15","-4,25%"
"17.06.2019","164,13","161,60","164,13","161,60","-0,01%"
"14.06.2019","164,14","161,60","164,14","161,60","1,16%"
"13.06.2019","162,26","164,55","164,55","162,26","-1,14%"
"12.06.2019","164,13","163,66","164,13","163,66","-1,20%"
"11.06.2019","166,12","166,69","166,69","166,12","-0,69%"
"10.06.2019","167,28","171,56","171,56","167,28","-0,42%"
"07.06.2019","167,98","171,56","171,56","167,98","-2,33%"
"06.06.2019","171,98","174,41","174,41","171,98","-0,57%"
"05.06.2019","172,97","175,71","175,71","172,97","1,31%"
"04.06.2019","170,74","175,71","175,71","170,74","-3,87%"
"03.06.2019","177,61","178,12","178,12","177,61","-0,32%"
"31.05.2019","178,18","178,29","178,29","178,18","0,26%"
"30.05.2019","177,72","178,37","178,37","177,72","-0,61%"
"29.05.2019","178,81","179,26","179,26","178,81","-0,08%"
"28.05.2019","178,95","179,17","179,17","178,95","0,42%"
"27.05.2019","178,21","178,37","178,37","178,21","0,01%"
"24.05.2019","178,20","179,17","179,17","178,20","-0,65%"
"23.05.2019","179,36","176,32","179,36","176,32","1,68%"
"22.05.2019","176,40","175,47","176,40","175,47","0,18%"
"21.05.2019","176,09","181,32","181,32","176,09","-3,43%"
"20.05.2019","182,35","184,18","184,18","182,35","-0,87%"
"17.05.2019","183,95","183,95","183,95","183,95","2,53%"
"16.05.2019","179,41","174,32","174,32","174,32","4,34%"
"15.05.2019","171,94","172,44","172,44","171,94","-1,48%"
"14.05.2019","174,52","172,38","174,52","172,38","-0,13%"
"13.05.2019","174,75","170,52","174,75","170,52","2,28%"
"10.05.2019","170,86","172,38","172,38","170,86","-0,81%"
"09.05.2019","172,25","170,52","172,25","170,52","0,76%"
"08.05.2019","170,95","175,30","175,30","170,95","-2,09%"
"07.05.2019","174,60","170,39","174,60","170,39","2,38%"
"06.05.2019","170,54","168,49","170,54","168,49","0,66%"
"03.05.2019","169,43","173,48","173,48","169,43","-2,20%"
"02.05.2019","173,25","172,49","173,25","172,49","0,88%"
"01.05.2019","171,74","171,40","171,74","171,40","0,16%"
"30.04.2019","171,47","171,47","171,47","171,47","-0,11%"
"29.04.2019","171,66","174,30","174,30","171,66","-1,37%"
"26.04.2019","174,05","174,41","174,41","174,05","-0,75%"
"25.04.2019","175,36","176,25","176,25","175,36","0,43%"
"24.04.2019","174,61","167,51","174,61","167,51","4,10%"
"23.04.2019","167,73","169,51","169,51","167,73","-1,06%"
"22.04.2019","169,52","170,47","170,47","169,52","-0,46%"
"19.04.2019","170,31","170,42","170,42","170,31","0,00%"
"18.04.2019","170,31","170,47","170,47","170,31","0,33%"
"17.04.2019","169,75","166,60","169,75","166,60","1,84%"
"16.04.2019","166,69","167,55","167,55","166,69","-0,46%"
"15.04.2019","167,46","169,60","169,60","167,46","-1,18%"
"12.04.2019","169,46","169,56","169,56","169,46","0,04%"
"11.04.2019","169,40","166,50","169,40","166,50","1,57%"
"10.04.2019","166,78","168,49","168,49","166,78","-1,18%"
"09.04.2019","168,77","168,54","168,77","168,54","-0,48%"
"08.04.2019","169,58","169,46","169,58","169,46","-0,16%"
"05.04.2019","169,85","171,40","171,40","169,85","-0,70%"
"04.04.2019","171,05","169,49","171,05","169,49","1,23%"
"03.04.2019","168,97","168,41","168,97","168,41","0,40%"
"02.04.2019","168,29","167,61","168,29","167,61","0,19%"
"01.04.2019","167,97","174,40","174,40","167,97","-3,76%"
"29.03.2019","174,53","178,31","178,31","174,53","-2,88%"
"28.03.2019","179,71","186,91","186,91","179,71","-2,72%"
"27.03.2019","184,74","170,46","184,74","170,46","7,96%"
"26.03.2019","171,12","172,22","172,22","171,12","-1,48%"
"25.03.2019","173,69","178,02","178,02","173,69","-2,00%"
"22.03.2019","177,23","161,64","177,23","161,64","9,41%"
"21.03.2019","161,98","160,52","161,98","160,52","0,59%"
"20.03.2019","161,03","148,11","161,03","148,11","8,64%"
"19.03.2019","148,22","152,03","152,03","148,22","-2,75%"
"18.03.2019","152,41","154,93","154,93","152,41","-1,39%"
"15.03.2019","154,56","155,95","155,95","154,56","-0,24%"
"14.03.2019","154,93","154,01","154,93","154,01","0,36%"
"13.03.2019","154,37","155,91","155,91","154,37","-0,54%"
"12.03.2019","155,21","154,99","155,21","154,99","0,22%"
"11.03.2019","154,87","162,80","162,80","154,87","-5,28%"
"08.03.2019","163,50","165,70","165,70","163,50","-0,91%"
"07.03.2019","165,00","154,90","165,00","154,90","1,48%"
"06.03.2019","162,60","161,85","162,60","161,85","1,05%"
"05.03.2019","160,91","156,88","160,91","156,88","2,39%"
"04.03.2019","157,15","156,97","157,15","156,97","0,46%"
"01.03.2019","156,43","153,03","156,43","153,03","2,01%"
"28.02.2019","153,35","153,02","153,35","153,02","0,33%"
"27.02.2019","152,84","154,90","154,90","152,84","-2,03%"
"26.02.2019","156,00","164,76","164,76","156,00","-1,30%"
"25.02.2019","158,05","164,76","164,76","161,42","-2,09%"
"22.02.2019","161,42","164,76","164,76","161,42","-2,13%"
"21.02.2019","164,94","161,71","164,94","161,71","1,08%"
"20.02.2019","163,18","161,71","163,18","161,71","0,80%"
"19.02.2019","161,89","161,74","161,89","161,74","0,01%"
"18.02.2019","161,88","161,76","161,88","161,76","0,00%"
"15.02.2019","161,88","164,59","164,59","161,88","-2,15%"
"14.02.2019","165,43","168,63","168,63","165,43","-1,92%"
"13.02.2019","168,67","168,59","168,67","168,59","0,25%"
"12.02.2019","168,25","173,49","173,49","168,25","-2,68%"
"11.02.2019","172,89","171,47","172,89","171,47","0,98%"
"08.02.2019","171,21","168,50","171,21","168,50","2,27%"
"07.02.2019","167,41","164,62","167,41","164,62","2,19%"
"06.02.2019","163,82","160,69","163,82","160,69","2,22%"
"05.02.2019","160,27","162,71","162,71","160,27","-2,36%"
"04.02.2019","164,15","165,69","165,69","164,15","-0,38%"
"01.02.2019","164,78","164,56","164,78","164,56","0,41%"
"31.01.2019","164,10","167,47","167,47","164,10","-2,14%"
"30.01.2019","167,68","169,46","169,46","167,68","-1,07%"
"29.01.2019","169,49","170,50","170,50","169,49","-0,89%"
"28.01.2019","171,01","169,56","171,01","169,56","0,75%"
"25.01.2019","169,73","170,41","170,41","169,73","-0,47%"
"24.01.2019","170,53","171,41","171,41","170,53","-0,73%"
"23.01.2019","171,79","175,24","175,24","171,79","-1,93%"
"22.01.2019","175,17","170,50","175,17","170,50","2,52%"
"21.01.2019","170,87","170,50","170,87","170,50","0,00%"
"18.01.2019","170,87","177,29","177,29","170,87","-4,46%"
"17.01.2019","178,85","180,17","180,17","178,85","-0,74%"
"16.01.2019","180,19","181,15","181,15","180,19","-0,86%"
"15.01.2019","181,75","182,11","182,11","181,75","-0,33%"
"14.01.2019","182,36","198,29","198,29","182,36","0,03%"
"11.01.2019","182,30","182,13","182,30","182,13","0,75%"
"10.01.2019","180,94","178,17","180,94","178,17","1,69%"
"09.01.2019","177,94","182,22","182,22","177,94","-2,62%"
"08.01.2019","182,72","182,19","182,72","182,19","-0,23%"
"07.01.2019","183,15","187,24","187,24","183,15","-3,03%"
"04.01.2019","188,87","198,29","198,29","188,87","-4,90%"
"03.01.2019","198,61","200,60","200,60","198,61","-1,33%"
"02.01.2019","201,29","203,58","203,58","201,29","-1,97%"
"01.01.2019","205,34","203,55","205,34","203,55","0,00%"
"31.12.2018","205,34","206,35","206,35","205,34","-0,68%"
"28.12.2018","206,74","210,23","210,23","206,74","-1,51%"
"27.12.2018","209,91","212,39","212,39","209,91","-1,22%"
"26.12.2018","212,51","211,31","212,51","211,31","0,82%"
"25.12.2018","210,78","211,10","211,10","210,78","0,00%"
"24.12.2018","210,79","207,26","210,79","207,26","1,58%"
"21.12.2018","207,52","207,26","207,52","207,26","1,36%"
"20.12.2018","204,74","207,25","207,25","204,74","3,76%"
"19.12.2018","197,33","207,26","207,26","197,33","1,25%"
"18.12.2018","194,90","207,26","207,26","194,90","-0,14%"
"17.12.2018","195,17","207,26","207,26","195,17","-0,72%"
"14.12.2018","196,59","207,25","207,25","196,59","-0,01%"
"13.12.2018","196,61","207,26","207,26","196,61","-3,09%"
"12.12.2018","202,87","207,26","207,26","202,87","-0,96%"
"11.12.2018","204,84","207,25","207,25","204,84","-1,11%"
"10.12.2018","207,14","207,25","207,25","207,14","0,48%"
"07.12.2018","206,15","207,26","207,26","206,15","-1,53%"
"06.12.2018","209,36","207,25","209,36","207,25","1,18%"
"05.12.2018","206,92","207,26","207,26","206,92","-5,78%"
"04.12.2018","219,62","207,26","219,62","207,26","6,86%"
"03.12.2018","205,53","208,23","208,23","208,23","-0,93%"
"30.11.2018","207,46","207,25","207,46","207,25","0,01%"
"29.11.2018","207,44","208,23","208,23","207,44","-0,24%"
"28.11.2018","207,93","218,96","218,96","207,93","-5,32%"
"27.11.2018","219,62","218,99","219,62","218,99","1,10%"
"26.11.2018","217,22","215,02","217,22","215,02","1,61%"
"23.11.2018","213,77","210,22","213,77","210,22","1,14%"
"22.11.2018","211,36","210,24","211,36","210,24","-0,01%"
"21.11.2018","211,38","214,16","214,16","211,38","-0,92%"
"20.11.2018","213,34","204,98","213,34","204,98","4,08%"
"19.11.2018","204,98","204,98","204,98","204,98","0,49%"
"16.11.2018","203,98","204,32","204,32","203,98","-0,73%"
"15.11.2018","205,49","205,27","205,49","205,27","-0,09%"
"14.11.2018","205,68","204,23","205,68","204,23","0,48%"
"13.11.2018","204,69","198,43","204,69","198,43","3,42%"
"12.11.2018","197,93","198,40","198,40","197,93","0,08%"
"09.11.2018","197,78","198,50","198,50","197,78","-0,11%"
"08.11.2018","198,00","191,65","198,00","191,65","2,79%"
"07.11.2018","192,62","193,65","193,65","192,62","-0,50%"
"06.11.2018","193,59","194,68","194,68","193,59","0,27%"
"05.11.2018","193,07","194,68","194,68","193,07","-1,03%"
"02.11.2018","195,08","197,44","197,44","195,08","-1,43%"
"01.11.2018","197,92","201,46","201,46","197,92","-1,74%"
"31.10.2018","201,42","201,42","201,42","201,42","-0,95%"
"30.10.2018","203,35","209,19","209,19","203,35","-2,55%"
"29.10.2018","208,67","205,10","208,67","205,10","1,00%"
"26.10.2018","206,61","208,25","208,25","206,61","-0,75%"
"25.10.2018","208,17","214,86","214,86","208,17","-1,53%"
"24.10.2018","211,40","208,10","211,40","208,10","1,61%"
"23.10.2018","208,05","208,18","208,18","208,05","-0,02%"
"22.10.2018","208,09","213,10","213,10","208,09","-1,84%"
"19.10.2018","212,00","216,94","216,94","212,00","-2,56%"
"18.10.2018","217,57","210,17","217,57","210,17","4,70%"
"17.10.2018","207,81","220,91","220,91","207,81","-1,14%"
"16.10.2018","210,21","220,91","220,91","210,21","-5,03%"
"15.10.2018","221,34","221,92","221,92","221,34","-0,22%"
"12.10.2018","221,82","224,72","224,72","221,82","-1,50%"
"11.10.2018","225,19","231,54","231,54","225,19","-1,90%"
"10.10.2018","229,56","218,03","229,56","218,03","5,08%"
"09.10.2018","218,46","221,98","221,98","218,46","-5,72%"
"08.10.2018","231,71","242,38","242,38","231,71","-4,22%"
"05.10.2018","241,93","242,43","242,43","241,93","-0,61%"
"04.10.2018","243,41","238,55","243,41","238,55","1,44%"
"03.10.2018","239,95","248,81","248,81","239,95","-3,95%"
"02.10.2018","249,82","262,50","262,50","249,82","-4,48%"
"01.10.2018","261,53","258,48","261,53","258,48","2,52%"
"28.09.2018","255,11","252,68","255,11","252,68","0,63%"
"27.09.2018","253,52","256,45","256,45","253,52","-1,12%"
"26.09.2018","256,40","263,38","263,38","256,40","-2,96%"
"25.09.2018","264,23","265,30","265,30","264,23","-0,36%"
"24.09.2018","265,18","258,49","265,18","258,49","3,14%"
"21.09.2018","257,10","270,05","270,05","257,10","-4,79%"
"20.09.2018","270,03","272,85","272,85","270,03","-1,55%"
"19.09.2018","274,29","276,82","276,82","274,29","-0,72%"
"18.09.2018","276,29","275,68","276,29","275,68","-0,14%"
"17.09.2018","276,67","280,68","280,68","276,67","-1,59%"
"14.09.2018","281,13","279,61","281,13","279,61","1,44%"
"13.09.2018","277,13","278,54","278,54","277,13","0,19%"
"12.09.2018","276,60","284,56","284,56","276,60","-2,60%"
"11.09.2018","283,99","276,61","283,99","276,61","3,04%"
"10.09.2018","275,62","275,84","275,84","275,62","0,13%"
"07.09.2018","275,25","290,22","290,22","275,25","-0,12%"
"06.09.2018","275,58","290,22","290,22","275,58","-4,10%"
"05.09.2018","287,35","304,91","304,91","287,35","-5,76%"
"04.09.2018","304,92","299,95","304,92","299,95","1,98%"
"03.09.2018","298,99","299,89","299,89","298,99","0,01%"
"31.08.2018","298,97","296,93","298,97","296,93","0,99%"
"30.08.2018","296,03","287,24","296,03","287,24","3,04%"
"29.08.2018","287,29","286,32","287,29","286,32","0,50%"
"28.08.2018","285,86","279,52","285,86","279,52","2,63%"
"27.08.2018","278,53","282,34","282,34","278,53","-0,14%"
"24.08.2018","278,93","277,56","278,93","277,56","1,24%"
"23.08.2018","275,51","262,78","275,51","262,78","4,67%"
"22.08.2018","263,23","254,04","263,23","254,04","4,79%"
"21.08.2018","251,20","242,16","251,20","242,16","3,88%"
"20.08.2018","241,82","236,40","241,82","236,40","2,22%"
"17.08.2018","236,57","237,29","237,29","236,57","1,90%"
"16.08.2018","232,17","237,29","237,29","232,17","-2,89%"
"15.08.2018","239,09","232,55","239,09","232,55","2,52%"
"14.08.2018","233,21","242,93","242,93","233,21","-4,21%"
"13.08.2018","243,46","235,20","243,46","235,20","3,49%"
"10.08.2018","235,24","223,64","235,24","223,64","5,15%"
"09.08.2018","223,72","215,04","223,72","215,04","3,33%"
"08.08.2018","216,50","215,04","216,50","215,04","1,35%"
"07.08.2018","213,62","209,17","213,62","209,17","2,12%"
"06.08.2018","209,18","209,11","209,18","209,11","0,01%"
"03.08.2018","209,16","213,99","213,99","209,16","-2,06%"
"02.08.2018","213,55","213,09","213,55","213,09","0,22%"
"01.08.2018","213,09","212,06","213,09","212,06","1,16%"
"31.07.2018","210,65","209,18","210,65","209,18","0,92%"
"30.07.2018","208,73","207,69","208,73","207,69","0,59%"
"27.07.2018","207,50","211,16","211,16","207,50","-1,50%"
"26.07.2018","210,67","209,19","210,67","209,19","-0,69%"
"25.07.2018","212,13","219,80","219,80","212,13","-3,09%"
"24.07.2018","218,89","221,84","221,84","218,89","-1,66%"
"23.07.2018","222,58","221,82","222,58","221,82","0,24%"
"20.07.2018","222,04","231,35","231,35","222,04","-5,01%"
"19.07.2018","233,76","237,25","237,25","233,76","-1,87%"
"18.07.2018","238,21","239,21","239,21","238,21","-0,91%"
"17.07.2018","240,40","241,16","241,16","240,40","-0,53%"
"16.07.2018","241,68","239,04","241,68","239,04","0,85%"
"13.07.2018","239,65","243,98","243,98","239,65","-1,93%"
"12.07.2018","244,36","250,56","250,56","244,36","-1,33%"
"11.07.2018","247,65","238,11","247,65","238,11","3,41%"
"10.07.2018","239,48","243,95","243,95","239,48","-2,01%"
"09.07.2018","244,38","246,68","246,68","244,38","-1,50%"
"06.07.2018","248,09","256,47","256,47","248,09","-4,14%"
"05.07.2018","258,81","260,32","260,32","258,81","-0,77%"
"04.07.2018","260,82","260,16","260,82","260,16","0,06%"
"03.07.2018","260,67","209,67","260,67","209,67","-3,26%"
"02.07.2018","269,46","268,96","269,46","268,96","0,55%"
"29.06.2018","267,98","261,24","267,98","261,24","2,06%"
"28.06.2018","262,58","266,84","266,84","262,58","-1,60%"
"27.06.2018","266,84","257,35","266,84","257,35","3,48%"
"26.06.2018","257,86","260,19","260,19","257,86","-0,38%"
"25.06.2018","258,85","256,40","258,85","256,40","0,73%"
"22.06.2018","256,97","260,17","260,17","256,97","-1,27%"
"21.06.2018","260,27","265,18","265,18","260,27","-1,59%"
"20.06.2018","264,47","265,90","265,90","264,47","-0,86%"
"19.06.2018","266,77","271,81","271,81","266,77","-1,99%"
"18.06.2018","272,19","266,94","272,19","266,94","2,00%"
"15.06.2018","266,84","266,88","266,88","266,84","0,18%"
"14.06.2018","266,36","258,32","266,36","258,32","3,26%"
"13.06.2018","257,94","261,20","261,20","257,94","-1,11%"
"12.06.2018","260,84","250,57","260,84","250,57","4,26%"
"11.06.2018","250,19","248,64","250,19","248,64","1,20%"
"08.06.2018","247,23","252,29","252,29","247,23","-2,08%"
"07.06.2018","252,47","233,02","252,47","233,02","5,79%"
"06.06.2018","238,65","233,02","238,65","233,02","2,57%"
"05.06.2018","232,67","226,51","232,67","226,51","2,06%"
"04.06.2018","227,98","234,24","234,24","227,98","-2,89%"
"01.06.2018","234,76","228,31","234,76","228,31","2,84%"
"31.05.2018","228,28","215,92","228,28","215,92","5,79%"
"30.05.2018","215,78","208,50","215,78","208,50","3,43%"
"29.05.2018","208,62","190,57","208,62","190,57","9,90%"
"28.05.2018","189,83","190,47","190,47","189,83","0,00%"
"25.05.2018","189,83","188,07","189,83","188,07","0,64%"
"24.05.2018","188,63","184,59","188,63","184,59","1,60%"
"23.05.2018","185,66","190,59","190,59","185,66","-2,35%"
"22.05.2018","190,12","193,52","193,52","190,12","-2,00%"
"21.05.2018","194,00","202,11","202,11","194,00","-4,03%"
"18.05.2018","202,15","192,50","202,15","192,50","5,00%"
"17.05.2018","192,53","186,75","192,53","186,75","2,84%"
"16.05.2018","187,22","186,80","187,22","186,80","0,51%"
"15.05.2018","186,27","183,80","186,27","183,80","1,65%"
"14.05.2018","183,25","182,75","183,25","182,75","0,30%"
"11.05.2018","182,70","180,78","182,70","180,78","1,09%"
"10.05.2018","180,73","191,48","191,48","180,73","-5,83%"
"09.05.2018","191,91","199,22","199,22","191,91","-3,88%"
"08.05.2018","199,66","188,56","199,66","188,56","5,91%"
"07.05.2018","188,52","181,77","188,52","181,77","4,03%"
"04.05.2018","181,22","188,98","188,98","181,22","-4,48%"
"03.05.2018","189,71","168,73","189,71","168,73","4,39%"
"02.05.2018","181,73","176,94","181,73","176,94","3,59%"
"01.05.2018","175,44","173,02","175,44","173,02","1,70%"
"30.04.2018","172,51","166,67","172,51","166,67","3,06%"
"27.04.2018","167,39","169,58","169,58","167,39","-1,42%"
"26.04.2018","169,80","171,11","171,11","169,80","-0,75%"
"25.04.2018","171,09","170,09","171,09","170,09","0,59%"
"24.04.2018","170,08","168,17","170,08","168,17","1,15%"
"23.04.2018","168,14","168,67","168,67","168,14","-0,43%"
"20.04.2018","168,87","165,25","168,87","165,25","1,61%"
"19.04.2018","166,19","163,33","166,19","163,33","1,78%"
"18.04.2018","163,29","164,23","164,23","163,29","-0,86%"
"17.04.2018","164,71","166,68","166,68","164,71","-1,32%"
"16.04.2018","166,91","167,64","167,64","166,91","-0,58%"
"13.04.2018","167,88","164,31","167,88","164,31","2,65%"
"12.04.2018","163,54","164,25","164,25","163,54","-0,57%"
"11.04.2018","164,47","165,25","165,25","164,47","-0,44%"
"10.04.2018","165,20","168,13","168,13","165,20","-1,73%"
"09.04.2018","168,10","166,10","168,10","166,10","1,47%"
"06.04.2018","165,66","160,39","165,66","160,39","3,30%"
"05.04.2018","160,37","164,24","164,24","160,37","-2,36%"
"04.04.2018","164,24","162,34","164,24","162,34","0,75%"
"03.04.2018","163,01","164,27","164,27","163,01","-0,88%"
"02.04.2018","164,45","161,32","164,45","161,32","1,81%"
"30.03.2018","161,53","161,53","161,53","161,53","0,00%"
"29.03.2018","161,53","171,93","171,93","161,53","-1,92%"
"28.03.2018","164,70","171,93","171,93","164,70","-0,84%"
"27.03.2018","166,10","171,93","171,93","166,10","0,47%"
"26.03.2018","165,33","171,93","171,93","165,33","-3,23%"
"23.03.2018","170,85","155,62","170,85","155,62","3,22%"
"22.03.2018","165,52","155,62","165,52","155,62","4,51%"
"21.03.2018","158,37","155,62","158,37","155,62","-2,20%"
"20.03.2018","161,93","155,62","161,93","155,62","6,69%"
"19.03.2018","151,78","155,62","155,62","151,78","4,36%"
"16.03.2018","145,44","155,62","155,62","145,44","0,00%"
"15.03.2018","145,44","155,62","155,62","145,44","1,72%"
"14.03.2018","142,98","155,62","155,62","142,98","-0,35%"
"13.03.2018","143,48","155,62","155,62","143,48","0,51%"
"12.03.2018","142,75","155,62","155,62","142,75","-0,47%"
"09.03.2018","143,43","155,62","155,62","143,43","-4,82%"
"08.03.2018","150,70","155,62","155,62","150,70","-0,01%"
"07.03.2018","150,71","155,62","155,62","150,71","0,81%"
"06.03.2018","149,50","155,62","155,62","149,50","-1,13%"
"05.03.2018","151,21","155,62","155,62","151,21","-2,50%"
"02.03.2018","155,09","155,62","155,62","155,09","-1,81%"
"01.03.2018","157,95","155,62","157,95","155,62","1,52%"
"28.02.2018","155,58","153,73","155,58","153,73","1,56%"
"27.02.2018","153,19","148,31","153,19","148,31","3,65%"
"26.02.2018","147,80","152,65","152,65","147,80","-3,16%"
"23.02.2018","152,63","155,57","155,57","152,63","-1,57%"
"22.02.2018","155,06","157,61","157,61","155,06","-0,96%"
"21.02.2018","156,57","155,63","156,57","155,63","0,64%"
"20.02.2018","155,57","151,72","155,57","151,72","3,38%"
"19.02.2018","150,49","151,69","151,69","150,49","0,00%"
"16.02.2018","150,49","151,23","151,23","150,49","-0,50%"
"15.02.2018","151,25","160,59","160,59","151,25","-6,07%"
"14.02.2018","161,02","169,24","169,24","161,02","-4,85%"
"13.02.2018","169,23","168,28","169,23","168,28","0,57%"
"12.02.2018","168,27","173,03","173,03","168,27","-4,12%"
"09.02.2018","175,50","166,34","175,50","166,34","6,45%"
"08.02.2018","164,87","152,73","164,87","152,73","7,92%"
"07.02.2018","152,77","151,77","152,77","151,77","0,97%"
"06.02.2018","151,30","158,55","158,55","151,30","-4,26%"
"05.02.2018","158,03","151,80","158,03","151,80","5,80%"
"02.02.2018","149,37","144,01","149,37","144,01","3,90%"
"01.02.2018","143,77","144,02","144,02","143,77","-0,17%"
"31.01.2018","144,02","144,98","144,98","144,02","-0,33%"
"30.01.2018","144,50","143,51","144,50","143,51","1,02%"
"29.01.2018","143,04","143,04","143,04","143,04","1,39%"
"26.01.2018","141,08","141,08","141,08","141,08","-0,66%"
"25.01.2018","142,02","142,02","142,02","142,02","-1,36%"
"24.01.2018","143,98","143,98","143,98","143,98","-3,60%"
"23.01.2018","149,35","144,99","149,35","144,99","1,30%"
"22.01.2018","147,43","147,43","147,43","147,43","-0,85%"
"19.01.2018","148,69","145,95","148,69","145,95","2,02%"
"18.01.2018","145,75","144,95","145,75","144,95","0,34%"
"17.01.2018","145,26","144,95","145,26","144,95","0,51%"
"16.01.2018","144,53","144,95","144,95","144,53","0,01%"
"15.01.2018","144,51","144,95","144,95","144,51","0,00%"
"12.01.2018","144,51","144,95","144,95","144,51","-0,32%"
"11.01.2018","144,98","146,44","146,44","144,98","-0,84%"
"10.01.2018","146,21","144,98","146,21","144,98","0,83%"
"09.01.2018","145,00","144,45","145,00","144,45","0,18%"
"08.01.2018","144,74","144,47","144,74","144,47","0,00%"
"05.01.2018","144,74","145,96","145,96","144,74","-1,17%"
"04.01.2018","146,46","150,78","150,78","146,46","-2,90%"
"03.01.2018","150,83","154,73","154,73","150,83","-2,21%"
"02.01.2018","154,24","160,04","160,04","154,24","-3,76%"
"01.01.2018","160,27","160,02","160,27","160,02","0,00%"
"29.12.2017","160,27","162,43","162,43","160,27","-0,77%"
"28.12.2017","161,51","161,51","161,51","161,51","0,02%"
"27.12.2017","161,47","162,43","162,43","161,47","-0,31%"
"26.12.2017","161,97","162,43","162,43","161,97","-0,30%"
"25.12.2017","162,46","162,46","162,46","162,46","0,00%"
"22.12.2017","162,46","162,95","162,95","162,46","-0,15%"
"21.12.2017","162,71","161,49","162,71","161,49","0,61%"
"20.12.2017","161,73","162,53","162,53","161,73","-0,32%"
"19.12.2017","162,25","161,49","162,25","161,49","0,17%"
"18.12.2017","161,98","164,44","164,44","161,98","-2,04%"
"15.12.2017","165,35","166,40","166,40","165,35","-1,17%"
"14.12.2017","167,31","163,39","167,31","163,39","2,11%"
"13.12.2017","163,85","163,43","163,85","163,43","-0,01%"
"12.12.2017","163,87","165,40","165,40","163,87","-0,60%"
"11.12.2017","164,86","165,37","165,37","164,86","0,01%"
"08.12.2017","164,84","166,35","166,35","164,84","-0,87%"
"07.12.2017","166,29","161,44","166,29","161,44","3,02%"
"06.12.2017","161,42","160,51","161,42","160,51","0,86%"
"05.12.2017","160,04","165,16","165,42","160,04","-3,10%"
"04.12.2017","165,16","169,23","169,23","169,23","-2,13%"
"01.12.2017","168,75","170,29","170,29","168,75","-0,89%"
"30.11.2017","170,26","169,29","170,26","169,29","0,73%"
"29.11.2017","169,03","163,42","169,03","163,42","3,12%"
"28.11.2017","163,92","164,36","164,36","163,92","-0,85%"
"27.11.2017","165,32","166,35","166,35","165,32","-1,05%"
"24.11.2017","167,08","168,27","168,27","167,08","-1,12%"
"23.11.2017","168,98","168,21","168,98","168,21","0,00%"
"22.11.2017","168,98","171,20","171,20","168,98","-1,72%"
"21.11.2017","171,94","173,19","173,19","171,94","-0,70%"
"20.11.2017","173,16","173,12","173,16","173,12","0,06%"
"17.11.2017","173,06","178,04","178,04","173,06","-2,62%"
"16.11.2017","177,72","182,80","182,80","177,72","-3,01%"
"15.11.2017","183,24","181,36","183,24","181,36","1,32%"
"14.11.2017","180,86","177,02","180,86","177,02","1,77%"
"13.11.2017","177,72","179,49","179,49","177,72","-0,29%"
"10.11.2017","178,23","175,50","178,23","175,50","1,13%"
"09.11.2017","176,23","175,03","176,23","175,03","0,96%"
"08.11.2017","174,56","176,99","176,99","174,56","-1,62%"
"07.11.2017","177,44","169,22","177,44","169,22","5,17%"
"06.11.2017","168,72","172,15","172,15","168,72","-1,57%"
"03.11.2017","171,41","168,23","171,41","168,23","1,75%"
"02.11.2017","168,47","169,24","169,24","168,47","-0,44%"
"01.11.2017","169,22","169,24","169,24","169,22","-0,13%"
"31.10.2017","169,44","171,12","171,12","169,44","-0,98%"
"30.10.2017","171,11","171,11","171,11","171,11","-0,15%"
"27.10.2017","171,37","177,99","177,99","171,37","-3,71%"
"26.10.2017","177,98","171,16","177,98","171,16","3,99%"
"25.10.2017","171,15","169,22","171,15","169,22","0,96%"
"24.10.2017","169,53","169,15","169,53","169,15","-0,09%"
"23.10.2017","169,68","168,29","169,68","168,29","1,16%"
"20.10.2017","167,73","168,18","168,18","167,73","0,03%"
"19.10.2017","167,68","175,01","175,01","167,68","-3,24%"
"18.10.2017","173,30","175,01","175,01","173,30","-0,68%"
"17.10.2017","174,49","181,77","181,77","174,49","-1,93%"
"16.10.2017","177,92","181,77","181,77","177,92","-0,23%"
"13.10.2017","178,33","181,77","181,77","178,33","-1,63%"
"12.10.2017","181,28","185,62","185,62","181,28","0,13%"
"11.10.2017","181,04","185,62","185,62","181,04","-2,21%"
"10.10.2017","185,14","183,76","185,14","183,76","0,77%"
"09.10.2017","183,73","183,76","183,76","183,73","0,01%"
"06.10.2017","183,72","181,82","183,72","181,82","0,75%"
"05.10.2017","182,36","183,68","183,68","182,36","-0,57%"
"04.10.2017","183,40","185,57","185,57","183,40","-1,16%"
"03.10.2017","185,55","191,47","191,47","185,55","-2,55%"
"02.10.2017","190,40","191,47","191,47","190,40","-0,76%"
"29.09.2017","191,86","195,21","195,21","191,86","-1,95%"
"28.09.2017","195,67","200,10","200,10","195,67","-2,20%"
"27.09.2017","200,07","200,10","200,10","200,07","0,27%"
"26.09.2017","199,54","199,54","199,54","199,54","-0,93%"
"25.09.2017","201,41","198,04","201,41","198,04","1,95%"
"22.09.2017","197,56","200,08","200,08","197,56","-1,24%"
"21.09.2017","200,05","197,21","200,05","197,21","0,81%"
"20.09.2017","198,44","178,08","198,44","178,08","12,37%"
"19.09.2017","176,60","176,14","176,60","176,14","0,27%"
"18.09.2017","176,12","175,18","176,12","175,18","-0,81%"
"15.09.2017","177,55","180,03","180,03","177,55","-1,35%"
"14.09.2017","179,98","181,97","181,97","179,98","0,54%"
"13.09.2017","179,01","181,97","181,97","179,01","-1,47%"
"12.09.2017","181,68","179,85","181,68","178,13","2,15%"
"11.09.2017","177,85","179,85","179,85","177,85","-0,62%"
"08.09.2017","178,96","179,85","179,85","178,96","-0,49%"
"07.09.2017","179,85","182,86","182,86","179,85","-1,91%"
"06.09.2017","183,35","185,57","185,57","183,35","-1,24%"
"05.09.2017","185,65","188,54","188,54","185,65","-1,56%"
"04.09.2017","188,59","188,63","188,63","188,59","0,01%"
"01.09.2017","188,58","193,38","193,38","188,58","-2,26%"
"31.08.2017","192,95","194,41","194,41","192,95","-1,01%"
"30.08.2017","194,92","197,22","197,22","194,92","-1,19%"
"29.08.2017","197,27","194,81","197,27","194,81","-0,60%"
"28.08.2017","198,46","194,81","198,46","194,81","2,11%"
"25.08.2017","194,35","194,40","194,40","194,35","-0,03%"
"24.08.2017","194,41","201,18","201,18","194,41","-0,79%"
"23.08.2017","195,96","201,18","201,18","195,96","-1,87%"
"22.08.2017","199,70","199,18","199,70","199,18","-0,81%"
"21.08.2017","201,34","199,18","201,34","199,18","1,34%"
"18.08.2017","198,68","204,90","204,90","198,68","-0,73%"
"17.08.2017","200,14","195,22","200,14","195,22","1,95%"
"16.08.2017","196,31","196,31","196,31","196,31","-0,52%"
"15.08.2017","197,34","205,85","205,85","197,34","-1,90%"
"14.08.2017","201,17","205,85","205,85","201,17","-0,43%"
"11.08.2017","202,03","205,85","205,85","202,03","-1,40%"
"10.08.2017","204,90","194,32","204,90","194,32","4,69%"
"09.08.2017","195,73","194,32","195,73","194,32","0,74%"
"08.08.2017","194,30","190,90","194,30","190,90","1,92%"
"07.08.2017","190,64","194,35","194,35","190,64","-1,38%"
"04.08.2017","193,31","195,71","195,71","193,31","-1,60%"
"03.08.2017","196,45","198,69","198,69","196,45","-1,72%"
"02.08.2017","199,88","204,42","204,42","199,88","-1,64%"
"01.08.2017","203,22","205,94","205,94","203,22","-1,55%"
"31.07.2017","206,41","209,75","209,75","206,41","-2,29%"
"28.07.2017","211,24","212,24","212,24","211,24","-0,12%"
"27.07.2017","211,50","210,65","211,50","210,65","0,61%"
"26.07.2017","210,22","213,79","213,79","210,22","-1,67%"
"25.07.2017","213,80","211,77","213,80","211,77","1,19%"
"24.07.2017","211,28","207,82","211,28","207,82","1,89%"
"21.07.2017","207,37","206,92","207,37","206,92","0,21%"
"20.07.2017","206,93","211,76","211,76","206,93","-2,29%"
"19.07.2017","211,77","217,45","217,45","211,77","-2,95%"
"18.07.2017","218,21","219,39","219,39","218,21","-0,73%"
"17.07.2017","219,82","219,34","219,82","219,34","0,00%"
"14.07.2017","219,82","225,07","225,07","219,82","-2,18%"
"13.07.2017","224,71","225,07","225,07","224,71","-0,18%"
"12.07.2017","225,11","231,86","231,86","225,11","-2,73%"
"11.07.2017","231,42","231,41","231,42","231,41","-1,35%"
"10.07.2017","234,58","237,72","237,72","234,58","-1,33%"
"07.07.2017","237,74","241,12","241,12","237,74","-0,91%"
"06.07.2017","239,93","237,73","239,93","237,73","1,13%"
"05.07.2017","237,24","235,74","237,24","235,74","0,39%"
"04.07.2017","236,33","237,32","237,32","236,33","0,01%"
"03.07.2017","236,30","237,02","237,32","236,30","-0,31%"
"30.06.2017","237,03","238,79","238,79","238,79","-0,72%"
"29.06.2017","238,74","233,86","238,74","233,86","2,30%"
"28.06.2017","233,38","238,79","238,79","233,38","-2,25%"
"27.06.2017","238,76","232,89","238,76","232,89","2,74%"
"26.06.2017","232,39","235,76","235,76","232,39","-1,22%"
"23.06.2017","235,26","238,03","238,03","235,26","-1,09%"
"22.06.2017","237,85","237,85","237,85","237,85","-1,44%"
"21.06.2017","241,33","239,40","241,33","239,40","2,25%"
"20.06.2017","236,02","232,41","236,02","232,41","1,66%"
"19.06.2017","232,16","234,67","234,67","232,16","-1,28%"
"16.06.2017","235,18","231,91","235,18","231,91","1,64%"
"15.06.2017","231,38","226,90","231,38","226,90","2,19%"
"14.06.2017","226,42","231,89","231,89","226,42","-2,33%"
"13.06.2017","231,82","233,76","233,76","231,82","-1,01%"
"12.06.2017","234,19","233,31","234,19","233,31","0,30%"
"09.06.2017","233,50","231,89","233,50","231,89","0,52%"
"08.06.2017","232,29","235,76","235,76","232,29","-1,44%"
"07.06.2017","235,69","232,71","235,69","232,71","1,49%"
"06.06.2017","232,22","233,80","233,80","232,22","-0,66%"
"05.06.2017","233,76","232,69","233,76","232,69","0,86%"
"02.06.2017","231,76","232,82","232,82","231,76","-0,24%"
"01.06.2017","232,31","230,83","232,31","230,83","0,43%"
"31.05.2017","231,32","232,69","232,69","231,32","-0,81%"
"30.05.2017","233,21","232,22","233,21","231,79","0,43%"
"29.05.2017","232,22","232,22","232,22","232,22","0,00%"
"26.05.2017","232,22","236,33","237,07","232,22","-1,74%"
"25.05.2017","236,33","236,33","236,33","236,33","1,80%"
"24.05.2017","232,14","234,62","234,62","232,14","-1,48%"
"23.05.2017","235,63","244,28","244,28","235,63","-3,48%"
"22.05.2017","244,12","241,39","244,12","241,39","1,18%"
"19.05.2017","241,28","203,65","241,28","203,65","-8,43%"
"18.05.2017","263,50","203,65","263,50","203,65","29,05%"
"17.05.2017","204,19","193,72","204,19","193,72","5,39%"
"16.05.2017","193,75","195,19","195,19","193,75","-0,76%"
"15.05.2017","195,24","198,93","198,93","195,24","-1,66%"
"12.05.2017","198,54","200,96","200,96","198,54","-1,34%"
"11.05.2017","201,24","204,79","204,79","201,24","-1,77%"
"10.05.2017","204,87","210,09","210,09","204,87","-2,63%"
"09.05.2017","210,41","212,07","212,07","210,41","-0,67%"
"08.05.2017","211,82","208,58","211,82","208,58","1,41%"
"05.05.2017","208,87","214,41","214,41","208,87","-2,59%"
"04.05.2017","214,43","213,89","214,43","206,72","3,72%"
"03.05.2017","206,73","213,89","213,89","206,73","-0,36%"
"02.05.2017","207,47","213,89","213,89","207,47","-3,06%"
"01.05.2017","214,01","213,82","214,01","213,82","0,24%"
"28.04.2017","213,49","216,64","216,64","213,49","-1,54%"
"27.04.2017","216,82","219,95","219,95","216,82","-1,65%"
"26.04.2017","220,45","213,47","220,45","213,47","3,20%"
"25.04.2017","213,62","213,42","213,62","213,42","-0,07%"
"24.04.2017","213,76","219,95","219,95","213,76","-3,02%"
"21.04.2017","220,41","223,61","223,61","220,41","-1,01%"
"20.04.2017","222,66","223,61","223,61","222,66","-0,31%"
"19.04.2017","223,35","223,61","223,61","223,35","0,07%"
"18.04.2017","223,20","222,32","223,20","222,32","0,40%"
"17.04.2017","222,32","222,32","222,32","222,32","-0,10%"
"14.04.2017","222,55","222,31","222,55","222,31","0,00%"
"13.04.2017","222,55","221,20","222,55","221,20","0,36%"
"12.04.2017","221,76","221,20","221,76","221,20","0,33%"
"11.04.2017","221,02","216,96","221,02","216,96","1,87%"
"10.04.2017","216,96","221,02","221,02","216,96","-1,79%"
"07.04.2017","220,92","220,94","220,94","220,92","0,21%"
"06.04.2017","220,45","217,98","220,45","217,98","0,11%"
"05.04.2017","220,20","217,98","220,20","217,98","1,08%"
"04.04.2017","217,85","219,72","219,72","217,85","-0,63%"
"03.04.2017","219,23","222,65","222,65","219,23","-0,28%"
"31.03.2017","219,84","222,65","222,65","219,84","-1,55%"
"30.03.2017","223,30","222,65","223,30","222,65","0,40%"
"29.03.2017","222,41","227,63","227,63","222,41","-2,78%"
"28.03.2017","228,76","231,31","231,31","228,76","-1,09%"
"27.03.2017","231,29","231,48","231,48","231,29","0,14%"
"24.03.2017","230,96","233,26","233,26","230,96","-2,44%"
"23.03.2017","236,73","233,26","236,73","233,26","1,48%"
"22.03.2017","233,27","233,24","233,27","233,24","0,20%"
"21.03.2017","232,80","228,86","232,80","228,86","1,50%"
"20.03.2017","229,37","228,86","229,37","228,86","9,64%"
"17.03.2017","209,20","213,64","213,64","209,20","-2,06%"
"16.03.2017","213,61","213,30","213,61","213,30","0,14%"
"15.03.2017","213,31","230,86","230,86","213,31","-7,59%"
"14.03.2017","230,84","228,89","230,84","228,89","1,03%"
"13.03.2017","228,49","228,89","228,89","228,49","-0,17%"
"10.03.2017","228,87","234,83","234,83","228,87","-2,11%"
"09.03.2017","233,80","234,83","234,83","233,80","-0,43%"
"08.03.2017","234,81","218,38","234,81","218,38","7,52%"
"07.03.2017","218,38","213,50","218,38","213,50","2,05%"
"06.03.2017","213,99","213,50","213,99","213,50","0,22%"
"03.03.2017","213,51","211,72","213,51","211,72","-3,50%"
"02.03.2017","221,25","211,72","221,25","211,72","4,50%"
"01.03.2017","211,72","218,36","218,36","211,72","-3,85%"
"28.02.2017","220,19","218,36","220,19","218,36","1,10%"
"27.02.2017","217,80","219,03","219,03","217,80","-0,37%"
"24.02.2017","218,60","215,19","218,60","215,19","1,13%"
"23.02.2017","216,16","220,01","220,01","216,16","-1,55%"
"22.02.2017","219,57","220,15","220,15","219,57","-0,25%"
"21.02.2017","220,12","226,73","226,73","220,12","-3,15%"
"20.02.2017","227,27","226,73","227,27","226,73","0,02%"
"17.02.2017","227,23","224,75","227,23","224,75","1,10%"
"16.02.2017","224,75","217,68","224,75","217,68","3,37%"
"15.02.2017","217,42","212,32","217,42","212,32","1,19%"
"14.02.2017","214,86","212,32","214,86","212,32","1,21%"
"13.02.2017","212,30","221,88","221,88","212,30","-4,32%"
"10.02.2017","221,89","228,69","228,69","221,89","-3,20%"
"09.02.2017","229,23","237,14","237,14","229,23","-1,57%"
"08.02.2017","232,88","237,14","237,14","232,88","-2,25%"
"07.02.2017","238,23","233,14","238,23","233,14","1,88%"
"06.02.2017","233,83","234,27","234,27","233,83","-0,44%"
"03.02.2017","234,87","238,05","238,05","234,87","-1,59%"
"02.02.2017","238,67","240,00","240,00","238,67","-0,82%"
"01.02.2017","240,64","246,49","246,49","240,64","-2,65%"
"31.01.2017","247,20","239,83","247,20","239,83","0,27%"
"30.01.2017","246,53","239,83","246,53","239,83","2,50%"
"27.01.2017","240,51","247,49","247,49","240,51","-3,08%"
"26.01.2017","248,15","246,65","248,15","246,65","0,36%"
"25.01.2017","247,25","248,08","248,08","247,25","-0,48%"
"24.01.2017","248,44","245,81","248,44","245,81","0,66%"
"23.01.2017","246,80","248,31","248,31","246,80","-0,88%"
"20.01.2017","248,99","250,91","250,91","248,99","-0,88%"
"19.01.2017","251,21","244,33","251,21","244,33","0,42%"
"18.01.2017","250,16","244,33","250,16","244,33","2,08%"
"17.01.2017","245,06","245,46","245,46","245,06","-0,43%"
"16.01.2017","246,12","245,61","246,12","245,61","-0,03%"
"13.01.2017","246,19","250,22","250,22","246,19","-1,87%"
"12.01.2017","250,88","249,29","250,88","249,29","0,40%"
"11.01.2017","249,89","256,00","256,00","249,89","-2,63%"
"10.01.2017","256,64","252,58","256,64","252,58","1,43%"
"09.01.2017","253,02","253,42","253,42","253,02","-0,38%"
"06.01.2017","253,99","257,87","257,87","253,99","1,22%"
"05.01.2017","250,93","257,87","257,87","250,93","-2,98%"
"04.01.2017","258,63","269,44","269,44","258,63","-4,44%"
"03.01.2017","270,65","274,09","274,09","270,65","-1,36%"
"02.01.2017","274,38","274,38","274,38","274,38","0,01%"
"30.12.2016","274,36","273,05","274,36","273,05","0,37%"
"29.12.2016","273,35","273,05","273,35","273,05","0,00%"
"28.12.2016","273,34","275,88","275,88","273,34","-0,36%"
"27.12.2016","274,32","275,88","275,88","274,32","-0,68%"
"26.12.2016","276,20","275,84","276,20","275,84","0,01%"
"23.12.2016","276,18","275,92","276,18","275,92","-0,20%"
"22.12.2016","276,72","276,82","276,82","276,72","0,72%"
"21.12.2016","274,73","276,82","276,82","274,73","-0,89%"
"20.12.2016","277,19","285,07","285,07","277,19","-2,15%"
"19.12.2016","283,29","285,07","285,07","283,29","-0,97%"
"16.12.2016","286,07","289,71","289,71","286,07","-0,71%"
"15.12.2016","288,12","289,71","289,71","288,12","-0,74%"
"14.12.2016","290,28","285,36","290,28","285,36","1,61%"
"13.12.2016","285,67","284,36","285,67","284,36","0,19%"
"12.12.2016","285,12","286,44","286,44","285,12","-0,53%"
"09.12.2016","286,63","282,50","286,63","282,50","1,05%"
"08.12.2016","283,66","284,17","284,17","283,66","-0,97%"
"07.12.2016","286,43","297,67","297,67","286,43","-1,98%"
"06.12.2016","292,22","297,67","297,67","292,22","-1,95%"
"05.12.2016","298,02","307,71","307,71","298,02","-3,49%"
"02.12.2016","308,80","306,31","308,80","306,31","0,39%"
"01.12.2016","307,61","289,10","307,61","289,10","6,31%"
"30.11.2016","289,34","290,76","290,76","289,34","-0,78%"
"29.11.2016","291,62","306,11","306,11","291,62","-0,97%"
"28.11.2016","294,47","306,11","306,11","294,47","-2,87%"
"25.11.2016","303,16","296,60","303,16","296,60","1,59%"
"24.11.2016","298,41","296,78","298,41","296,78","-0,03%"
"23.11.2016","298,50","291,70","298,50","291,70","2,01%"
"22.11.2016","292,63","298,42","298,42","292,63","-2,40%"
"21.11.2016","299,82","304,76","304,76","299,82","-1,96%"
"18.11.2016","305,82","303,30","305,82","303,30","0,55%"
"17.11.2016","304,15","287,96","304,15","287,96","2,31%"
"16.11.2016","297,27","287,96","297,27","287,96","3,12%"
"15.11.2016","288,27","314,00","314,00","288,27","-8,55%"
"14.11.2016","315,21","306,08","315,21","306,08","2,82%"
"11.11.2016","306,56","306,24","306,56","306,24","-0,03%"
"10.11.2016","306,64","269,46","306,64","269,46","13,95%"
"09.11.2016","269,10","255,85","269,10","255,85","4,89%"
"08.11.2016","256,55","261,57","261,57","256,55","-2,18%"
"07.11.2016","262,27","276,54","276,54","262,27","-5,79%"
"04.11.2016","278,39","281,38","281,38","278,39","-1,38%"
"03.11.2016","282,29","282,22","282,29","282,22","-0,48%"
"02.11.2016","283,66","274,68","283,66","274,68","2,95%"
"01.11.2016","275,54","266,13","275,54","266,13","3,39%"
"31.10.2016","266,50","268,98","268,98","266,50","-1,25%"
"28.10.2016","269,87","269,11","269,87","269,11","0,16%"
"27.10.2016","269,43","263,40","269,43","263,40","1,99%"
"26.10.2016","264,18","258,59","264,18","258,59","2,04%"
"25.10.2016","258,90","253,88","258,90","253,88","1,69%"
"24.10.2016","254,60","254,73","254,73","254,60","-0,35%"
"21.10.2016","255,50","255,77","255,77","255,50","-0,39%"
"20.10.2016","256,49","256,61","256,61","256,49","-0,35%"
"19.10.2016","257,39","259,42","259,42","257,39","-1,27%"
"18.10.2016","260,71","263,24","263,24","260,71","-1,26%"
"17.10.2016","264,04","262,35","264,04","262,35","0,35%"
"14.10.2016","263,11","256,46","263,11","256,46","2,07%"
"13.10.2016","257,77","258,46","258,46","257,77","-0,38%"
"12.10.2016","258,75","263,29","263,29","258,75","-2,01%"
"11.10.2016","264,07","264,19","264,19","264,07","-0,34%"
"10.10.2016","264,96","264,04","264,96","264,04","0,03%"
"07.10.2016","264,89","264,17","264,89","264,17","-0,02%"
"06.10.2016","264,95","267,96","267,96","264,95","-1,42%"
"05.10.2016","268,77","270,86","270,86","268,77","-1,06%"
"04.10.2016","271,65","259,33","271,65","259,33","4,44%"
"03.10.2016","260,09","265,89","265,89","260,09","-2,18%"
"30.09.2016","265,89","265,89","265,89","265,89","-1,56%"
"29.09.2016","270,11","260,19","270,11","260,19","3,48%"
"28.09.2016","261,02","264,93","264,93","261,02","-1,62%"
"27.09.2016","265,32","274,36","274,36","265,32","-2,12%"
"26.09.2016","271,08","267,82","271,08","267,82","1,05%"
"23.09.2016","268,26","261,13","268,26","261,13","2,38%"
"22.09.2016","262,03","263,98","263,98","262,03","-1,03%"
"21.09.2016","264,75","278,22","278,22","264,75","-5,13%"
"20.09.2016","279,06","260,98","279,06","260,98","6,63%"
"19.09.2016","261,72","267,72","267,72","261,72","-2,51%"
"16.09.2016","268,47","265,59","268,47","265,59","0,95%"
"15.09.2016","265,95","271,31","271,31","265,95","-2,14%"
"14.09.2016","271,76","265,73","271,76","265,73","1,97%"
"13.09.2016","266,51","247,55","266,51","247,55","7,20%"
"12.09.2016","248,62","251,49","251,49","248,62","-1,36%"
"09.09.2016","252,05","239,98","252,05","239,98","4,82%"
"08.09.2016","240,45","240,45","240,45","240,45","0,84%"
"07.09.2016","238,45","244,47","244,47","238,45","-4,06%"
"06.09.2016","248,55","251,42","251,42","248,55","-1,39%"
"05.09.2016","252,05","251,42","252,05","251,42","0,00%"
"02.09.2016","252,05","252,05","252,05","252,05","-1,47%"
"01.09.2016","255,82","255,20","255,82","255,20","0,15%"
"31.08.2016","255,44","253,29","255,44","253,29","0,57%"
"30.08.2016","253,98","250,83","253,98","250,83","0,87%"
"29.08.2016","251,80","253,26","253,26","251,80","-1,04%"
"26.08.2016","254,44","256,21","256,21","254,44","-0,96%"
"25.08.2016","256,90","255,19","256,90","255,19","0,38%"
"24.08.2016","255,93","250,35","255,93","250,35","1,92%"
"23.08.2016","251,10","251,29","251,29","251,10","-0,19%"
"22.08.2016","251,57","248,14","251,57","248,14","1,22%"
"19.08.2016","248,55","245,49","248,55","245,49","0,93%"
"18.08.2016","246,26","247,49","247,49","246,26","-0,78%"
"17.08.2016","248,20","248,47","248,47","248,20","-0,76%"
"16.08.2016","250,10","247,38","250,10","247,38","0,81%"
"15.08.2016","248,10","250,93","250,93","248,10","-1,67%"
"12.08.2016","252,31","252,11","252,31","252,11","-0,23%"
"11.08.2016","252,90","255,78","255,78","252,90","-1,47%"
"10.08.2016","256,68","258,70","258,70","256,68","-1,30%"
"09.08.2016","260,06","263,51","263,51","260,06","-1,63%"
"08.08.2016","264,37","261,78","264,37","261,78","0,54%"
"05.08.2016","262,96","269,92","269,92","262,96","-2,77%"
"04.08.2016","270,45","276,82","276,82","270,45","-2,45%"
"03.08.2016","277,23","286,40","286,40","277,23","-3,17%"
"02.08.2016","286,32","286,51","286,51","286,32","-0,36%"
"01.08.2016","287,35","282,37","287,35","282,37","1,40%"
"29.07.2016","283,39","285,28","285,28","283,39","-2,03%"
"28.07.2016","289,25","285,28","289,25","285,28","1,21%"
"27.07.2016","285,79","286,34","286,34","285,79","-0,69%"
"26.07.2016","287,77","277,94","287,77","277,94","0,46%"
"25.07.2016","286,44","277,94","286,44","277,94","2,55%"
"22.07.2016","279,33","281,70","282,74","279,33","-1,53%"
"21.07.2016","283,67","281,70","283,67","281,70","1,54%"
"20.07.2016","279,38","281,70","281,70","279,38","-1,13%"
"19.07.2016","282,58","282,58","282,58","282,58","-0,36%"
"18.07.2016","283,60","283,60","283,60","283,60","-2,51%"
"15.07.2016","290,89","290,89","290,89","290,89","1,57%"
"14.07.2016","286,40","287,72","287,72","286,40","-0,46%"
"13.07.2016","287,72","287,72","287,72","287,72","-0,53%"
"12.07.2016","289,25","289,25","289,25","289,25","-2,91%"
"11.07.2016","297,92","297,92","297,92","297,92","-0,79%"
"08.07.2016","300,28","300,28","300,28","300,28","-4,70%"
"07.07.2016","315,08","315,08","315,08","315,08","1,56%"
"06.07.2016","310,23","310,23","310,23","310,23","-1,03%"
"05.07.2016","313,46","313,46","313,46","313,46","3,13%"
"04.07.2016","303,96","303,96","303,96","303,96","-5,22%"
"01.07.2016","320,69","320,69","320,69","320,69","4,73%"
"30.06.2016","306,21","306,21","306,21","306,21","-1,09%"
"29.06.2016","309,57","309,57","309,57","309,57","-3,96%"
"28.06.2016","322,35","322,35","322,35","322,35","-4,44%"
"27.06.2016","337,32","337,32","337,32","337,32","0,71%"
"24.06.2016","334,93","334,93","334,93","334,93","5,67%"
"23.06.2016","316,95","316,95","316,95","316,95","-0,72%"
"22.06.2016","319,24","319,24","319,24","319,24","-0,14%"
"21.06.2016","319,68","319,68","319,68","319,68","-0,93%"
"20.06.2016","322,67","322,67","322,67","322,67","-2,40%"
"17.06.2016","330,62","330,62","330,62","330,62","-2,91%"
"16.06.2016","340,53","340,53","340,53","340,53","-1,11%"
"15.06.2016","344,34","344,34","344,34","344,34","-1,38%"
"14.06.2016","349,16","349,16","349,16","349,16","1,22%"
"13.06.2016","344,95","344,95","344,95","344,95","2,10%"
"10.06.2016","337,87","317,81","337,87","317,81","3,65%"
"09.06.2016","325,96","317,81","325,96","317,81","2,56%"
"08.06.2016","317,81","320,10","320,10","317,81","-0,76%"
"07.06.2016","320,25","328,38","328,38","320,25","-0,01%"
"06.06.2016","320,29","328,38","328,38","320,29","-2,46%"
"03.06.2016","328,38","341,55","341,55","328,38","-3,98%"
"02.06.2016","342,00","350,14","350,14","342,00","-2,32%"
"01.06.2016","350,14","354,80","354,80","350,14","-1,31%"
"31.05.2016","354,80","341,56","354,80","341,56","3,90%"
"30.05.2016","341,47","341,56","341,56","341,47","-0,03%"
"27.05.2016","341,56","340,97","341,56","340,97","0,17%"
"26.05.2016","340,97","340,68","340,97","340,68","0,09%"
"25.05.2016","340,68","345,61","345,61","340,68","-1,43%"
"24.05.2016","345,61","352,77","352,77","345,61","-2,03%"
"23.05.2016","352,77","344,94","352,77","344,94","4,14%"
"20.05.2016","338,74","344,94","344,94","338,74","-2,76%"
"19.05.2016","348,34","339,08","348,34","339,08","2,73%"
"18.05.2016","339,08","319,78","339,08","319,78","4,34%"
"17.05.2016","324,99","319,78","324,99","319,78","1,63%"
"16.05.2016","319,78","320,66","320,66","319,78","-0,27%"
"13.05.2016","320,66","316,82","320,66","316,82","1,21%"
"12.05.2016","316,82","315,30","316,82","315,30","0,48%"
"11.05.2016","315,30","326,21","326,21","315,30","-3,34%"
"10.05.2016","326,21","338,96","338,96","326,21","-3,76%"
"09.05.2016","338,96","330,62","338,96","330,62","2,52%"
"06.05.2016","330,62","337,79","337,79","330,62","-2,12%"
"05.05.2016","337,79","334,86","337,79","334,86","0,87%"
"04.05.2016","334,86","335,64","335,64","334,86","-0,23%"
"03.05.2016","335,64","327,40","335,64","327,40","2,52%"
"02.05.2016","327,40","330,82","330,82","327,40","-1,03%"
"29.04.2016","330,82","325,63","330,82","325,63","1,24%"
"28.04.2016","326,77","325,63","326,77","325,63","0,35%"
"27.04.2016","325,63","337,66","337,66","325,63","-3,56%"
"26.04.2016","337,66","351,04","351,04","337,66","-3,81%"
"25.04.2016","351,04","349,49","351,04","349,49","0,44%"
"22.04.2016","349,49","343,06","349,49","343,06","1,87%"
"21.04.2016","343,06","326,21","343,06","326,21","5,17%"
"20.04.2016","326,21","328,73","328,73","326,21","-0,77%"
"19.04.2016","328,73","332,00","332,00","328,73","-0,98%"
"18.04.2016","332,00","336,21","336,21","332,00","-1,25%"
"15.04.2016","336,21","332,39","336,21","332,39","2,76%"
"14.04.2016","327,19","332,39","332,39","327,19","-1,56%"
"13.04.2016","332,39","345,05","345,05","332,39","-3,67%"
"12.04.2016","345,05","360,95","360,95","345,05","-4,41%"
"11.04.2016","360,95","389,07","389,07","360,95","-3,50%"
"08.04.2016","374,03","389,07","389,07","374,03","-3,87%"
"07.04.2016","389,07","372,40","389,07","372,40","4,48%"
"06.04.2016","372,40","375,85","375,85","372,40","-0,92%"
"05.04.2016","375,85","365,54","375,85","365,54","5,56%"
"04.04.2016","356,04","351,57","356,04","351,57","1,27%"
"01.04.2016","351,57","357,01","357,01","351,57","-1,52%"
"31.03.2016","357,01","345,98","357,01","345,98","3,19%"
"30.03.2016","345,98","355,29","355,29","345,98","-2,62%"
"29.03.2016","355,29","368,99","368,99","355,29","-3,71%"
"28.03.2016","368,99","382,36","382,36","368,99","-3,50%"
"25.03.2016","382,36","382,46","382,46","382,36","-0,03%"
"24.03.2016","382,46","382,26","382,46","382,26","0,05%"
"23.03.2016","382,26","352,40","382,26","352,40","8,47%"
"22.03.2016","352,40","360,60","360,60","352,40","-2,27%"
"21.03.2016","360,60","351,13","360,60","351,13","2,69%"
"18.03.2016","351,14","369,28","369,28","351,14","-4,91%"
"17.03.2016","369,28","402,70","402,70","369,28","-8,30%"
"16.03.2016","402,70","416,93","416,93","402,70","-3,41%"
"15.03.2016","416,93","384,09","416,93","384,09","8,55%"
"14.03.2016","384,09","375,27","384,09","375,27","2,09%"
"11.03.2016","376,23","381,43","381,43","376,23","-1,36%"
"10.03.2016","381,43","388,46","388,46","381,43","-1,81%"
"09.03.2016","388,46","398,83","398,83","388,46","-2,60%"
"08.03.2016","398,83","399,05","399,05","398,83","-0,06%"
"07.03.2016","399,05","395,75","399,05","395,75","0,83%"
"04.03.2016","395,75","409,90","409,90","395,75","-3,45%"
"03.03.2016","409,90","433,43","433,43","409,90","-5,43%"
"02.03.2016","433,43","431,66","433,43","431,66","0,52%"
"01.03.2016","431,17","445,80","445,80","431,17","-3,28%"
"29.02.2016","445,80","446,30","446,30","445,80","-0,11%"
"26.02.2016","446,30","436,22","446,30","436,22","2,31%"
"25.02.2016","436,22","435,07","436,22","435,07","0,26%"
"24.02.2016","435,07","450,63","450,63","435,07","-3,45%"
"23.02.2016","450,63","446,56","450,63","446,56","0,91%"
"22.02.2016","446,56","457,59","457,59","446,56","-2,41%"
"19.02.2016","457,59","468,47","468,47","457,59","-2,32%"
"18.02.2016","468,47","465,00","468,47","465,00","0,75%"
"17.02.2016","465,00","472,09","472,09","465,00","-1,50%"
"16.02.2016","472,09","481,76","481,76","472,09","-2,02%"
"15.02.2016","481,82","482,03","482,03","481,82","-0,04%"
"12.02.2016","482,03","495,45","495,45","482,03","-2,71%"
"11.02.2016","495,45","479,35","495,45","479,35","3,36%"
"10.02.2016","479,35","470,83","479,35","470,83","1,81%"
"09.02.2016","470,83","467,16","470,83","467,16","0,79%"
"08.02.2016","467,16","456,84","467,16","456,84","2,26%"
"05.02.2016","456,84","455,86","456,84","455,86","0,21%"
"04.02.2016","455,86","460,85","460,85","455,86","-1,07%"
"03.02.2016","460,79","478,91","478,91","460,79","-3,78%"
"02.02.2016","478,91","462,63","478,91","462,63","3,28%"
"01.02.2016","463,69","462,63","463,69","462,63","0,23%"
"29.01.2016","462,63","459,67","462,63","459,67","0,64%"
"28.01.2016","459,67","464,08","464,08","459,67","-0,95%"
"27.01.2016","464,08","467,49","467,49","464,08","-0,73%"
"26.01.2016","467,49","485,31","485,31","467,49","-3,67%"
"25.01.2016","485,31","468,80","485,31","468,80","3,52%"
"22.01.2016","468,80","487,71","487,71","468,80","-3,69%"
"21.01.2016","486,75","489,48","489,48","486,75","-0,56%"
"20.01.2016","489,48","488,90","489,48","488,90","0,12%"
"19.01.2016","488,90","492,07","492,07","488,90","-0,64%"
"18.01.2016","492,06","491,73","492,06","491,73","0,07%"
"15.01.2016","491,73","473,49","491,73","473,49","3,85%"
"14.01.2016","473,49","489,56","489,56","473,49","-3,28%"
"13.01.2016","489,56","477,00","489,56","477,00","2,63%"
"12.01.2016","477,00","477,00","477,00","477,00","0,00%"
"11.01.2016","477,00","480,80","480,80","477,00","-0,79%"
"08.01.2016","480,80","474,99","480,80","474,99","1,22%"
"07.01.2016","474,99","487,35","487,35","474,99","1,24%"
"06.01.2016","469,15","487,35","487,35","469,15","-0,80%"
"05.01.2016","472,94","488,99","488,99","472,94","-4,72%"
"04.01.2016","496,35","488,99","496,35","488,99","1,51%"
"01.01.2016","488,99","488,99","488,99","488,99","0,00%"