branch	series_id	status	title	freq	units	sa	start	end_upd	release_and_last
activity	GDPC1	OK	Real Gross Domestic Product	Q	Bil. of Chn. 2017 $	SAAR	1947-01-01	2026-04-01 / upd 2026-07-30	Gross Domestic Product || 2026-04-01=24270.599
activity	GDP	OK	Gross Domestic Product	Q	Bil. of $	SAAR	1947-01-01	2026-04-01 / upd 2026-07-30	Gross Domestic Product || 2026-04-01=32475.21
activity	A191RL1Q225SBEA	OK	Real Gross Domestic Product	Q	% Chg. from Preceding Period	SAAR	1947-04-01	2026-04-01 / upd 2026-07-30	Gross Domestic Product || 2026-04-01=1.5
activity	A191RO1Q156NBEA	OK	Real Gross Domestic Product	Q	% Chg. from Qtr.  1 Yr. Ago	SA	1948-01-01	2026-04-01 / upd 2026-07-30	Gross Domestic Product || 2026-04-01=2.1
activity	GDPPOT	OK	Real Potential Gross Domestic Product	Q	Bil. of Chn. 2017 $	NSA	1949-01-01	2036-10-01 / upd 2026-02-27	Budget and Economic Outlook || 2036-10-01=29443.0227307
activity	PCEC96	OK	Real Personal Consumption Expenditures	M	Bil. of Chn. 2017 $	SAAR	2007-01-01	2026-06-01 / upd 2026-07-30	Personal Income and Outlays || 2026-06-01=16885.2
activity	PCECC96	OK	Real Personal Consumption Expenditures	Q	Bil. of Chn. 2017 $	SAAR	1947-01-01	2026-04-01 / upd 2026-07-30	Gross Domestic Product || 2026-04-01=16817.938
activity	PCEDG	OK	Personal Consumption Expenditures: Durable Goods	M	Bil. of $	SAAR	1959-01-01	2026-06-01 / upd 2026-07-30	Personal Income and Outlays || 2026-06-01=2423.9
activity	PCEND	OK	Personal Consumption Expenditures: Nondurable Goods	M	Bil. of $	SAAR	1959-01-01	2026-06-01 / upd 2026-07-30	Personal Income and Outlays || 2026-06-01=4506.0
activity	PCES	OK	Personal Consumption Expenditures: Services	M	Bil. of $	SAAR	1959-01-01	2026-06-01 / upd 2026-07-30	Personal Income and Outlays || 2026-06-01=15254.2
activity	GPDIC1	OK	Real Gross Private Domestic Investment	Q	Bil. of Chn. 2017 $	SAAR	1947-01-01	2026-04-01 / upd 2026-07-30	Gross Domestic Product || 2026-04-01=4526.288
activity	PNFI	OK	Private Nonresidential Fixed Investment	Q	Bil. of $	SAAR	1947-01-01	2026-04-01 / upd 2026-07-30	Gross Domestic Product || 2026-04-01=4623.657
activity	PRFIC1	OK	Real Private Residential Fixed Investment	Q	Bil. of Chn. 2017 $	SAAR	2007-01-01	2026-04-01 / upd 2026-07-30	Gross Domestic Product || 2026-04-01=748.45
activity	GCEC1	OK	Real Government Consumption Expenditures and Gross Investment	Q	Bil. of Chn. 2017 $	SAAR	1947-01-01	2026-04-01 / upd 2026-07-30	Gross Domestic Product || 2026-04-01=3992.211
activity	CBIC1	OK	Change in Real Private Inventories	Q	Bil. of Chn. 2017 $	SAAR	1947-01-01	2026-04-01 / upd 2026-07-30	Gross Domestic Product || 2026-04-01=-50.814
activity	FINSLC1	OK	Real Final Sales of Domestic Product	Q	Bil. of Chn. 2017 $	SAAR	1947-01-01	2026-04-01 / upd 2026-07-30	Gross Domestic Product || 2026-04-01=24291.318
activity	EXPGSC1	OK	Real Exports of Goods and Services	Q	Bil. of Chn. 2017 $	SAAR	1947-01-01	2026-04-01 / upd 2026-07-30	Gross Domestic Product || 2026-04-01=2787.693
activity	IMPGSC1	OK	Real imports of goods and services	Q	Bil. of Chn. 2017 $	SAAR	1947-01-01	2026-04-01 / upd 2026-07-30	Gross Domestic Product || 2026-04-01=3862.35
activity	NETEXC96	OK	Real Net Exports of Goods and Services (DISCONTINUED)	Q	Bil. of Chn. 2009 $	SAAR	1999-01-01	2017-04-01 / upd 2017-09-28	Gross Domestic Product || 2017-04-01=-613.633
activity	INDPRO	OK	Industrial Production: Total Index	M	Index 2017=100	SA	1919-01-01	2026-06-01 / upd 2026-07-17	G.17 Industrial Production and Capacity Utilization || 2026-06-01=102.6395
activity	IPMAN	OK	Industrial Production: Manufacturing (NAICS)	M	Index 2017=100	SA	1972-01-01	2026-06-01 / upd 2026-07-17	G.17 Industrial Production and Capacity Utilization || 2026-06-01=98.6995
activity	IPBUSEQ	OK	Industrial Production: Equipment: Business Equipment	M	Index 2017=100	SA	1947-01-01	2026-06-01 / upd 2026-07-17	G.17 Industrial Production and Capacity Utilization || 2026-06-01=98.2617
activity	IPCONGD	OK	Industrial Production: Consumer Goods	M	Index 2017=100	SA	1939-01-01	2026-06-01 / upd 2026-07-17	G.17 Industrial Production and Capacity Utilization || 2026-06-01=97.1991
activity	IPMINE	OK	Industrial Production: Mining: Mining (NAICS = 21)	M	Index 2017=100	SA	1919-01-01	2026-06-01 / upd 2026-07-17	G.17 Industrial Production and Capacity Utilization || 2026-06-01=124.2189
activity	TCU	OK	Capacity Utilization: Total Index	M	%	SA	1967-01-01	2026-06-01 / upd 2026-07-17	G.17 Industrial Production and Capacity Utilization || 2026-06-01=76.0937
activity	MCUMFN	OK	Capacity Utilization: Manufacturing (NAICS)	M	%	SA	1972-01-01	2026-06-01 / upd 2026-07-17	G.17 Industrial Production and Capacity Utilization || 2026-06-01=75.5559
activity	RSAFS	OK	Advance Retail Sales: Retail Trade and Food Services	M	Mil. of $	SA	1992-01-01	2026-07-01 / upd 2026-08-14	Advance Monthly Sales for Retail and Food Services || 2026-07-01=763602.0
activity	RSXFS	OK	Advance Retail Sales: Retail Trade	M	Mil. of $	SA	1992-01-01	2026-07-01 / upd 2026-08-14	Advance Monthly Sales for Retail and Food Services || 2026-07-01=660047.0
activity	RRSFS	OK	Advance Real Retail and Food Services Sales	M	Mil. of 1982-84 CPI Adjusted	SA	1992-01-01	2026-07-01 / upd 2026-08-14	Selected Real Retail Sales Series || 2026-07-01=229439.0
activity	MRTSSM44000USS	OK	Retail Sales: Retail Trade	M	Mil. of $	SA	1992-01-01	2026-06-01 / upd 2026-08-14	Monthly Retail Trade and Food Services || 2026-06-01=665054.0
activity	DGORDER	OK	Manufacturers' New Orders: Durable Goods	M	Mil. of $	SA	1992-02-01	2026-06-01 / upd 2026-08-04	Manufacturer's Shipments, Inventories, and Orders (M || 2026-06-01=335418.0
activity	NEWORDER	OK	Manufacturers' New Orders: Nondefense Capital Goods Excluding Aircraft	M	Mil. of $	SA	1992-02-01	2026-06-01 / upd 2026-08-04	Manufacturer's Shipments, Inventories, and Orders (M || 2026-06-01=85393.0
activity	AMTMNO	OK	Manufacturers' New Orders: Total Manufacturing	M	Mil. of $	SA	1992-02-01	2026-06-01 / upd 2026-08-04	Manufacturer's Shipments, Inventories, and Orders (M || 2026-06-01=656547.0
activity	AMTMTI	OK	Manufacturers' Total Inventories: Total Manufacturing	M	Mil. of $	SA	1992-01-01	2026-06-01 / upd 2026-08-04	Manufacturer's Shipments, Inventories, and Orders (M || 2026-06-01=962917.0
activity	AMTMUO	OK	Manufacturers' Unfilled Orders: Total Manufacturing	M	Mil. of $	SA	1992-01-01	2026-06-01 / upd 2026-08-04	Manufacturer's Shipments, Inventories, and Orders (M || 2026-06-01=1590559.0
activity	TTLCONS	OK	Total Construction Spending: Total Construction in the United States	M	Mil. of $	SAAR	1993-01-01	2026-06-01 / upd 2026-08-03	Construction Spending || 2026-06-01=2166539.0
activity	BUSINV	OK	Total Business Inventories	M	Mil. of $	SA	1992-01-01	2026-06-01 / upd 2026-08-14	Manufacturing and Trade Inventories and Sales || 2026-06-01=2740239.0
activity	ISRATIO	OK	Total Business: Inventories to Sales Ratio	M	Ratio	SA	1992-01-01	2026-06-01 / upd 2026-08-14	Manufacturing and Trade Inventories and Sales || 2026-06-01=1.30
activity	TOTBUSSMSA	OK	Total Business Sales	M	Mil. of $	SA	1992-01-01	2026-06-01 / upd 2026-08-14	Manufacturing and Trade Inventories and Sales || 2026-06-01=2111298.0
activity	PI	OK	Personal Income	M	Bil. of $	SAAR	1959-01-01	2026-06-01 / upd 2026-07-30	Personal Income and Outlays || 2026-06-01=26994.0
activity	DSPIC96	OK	Real Disposable Personal Income	M	Bil. of Chn. 2017 $	SAAR	1959-01-01	2026-06-01 / upd 2026-07-30	Personal Income and Outlays || 2026-06-01=18056.1
activity	PSAVERT	OK	Personal Saving Rate	M	%	SAAR	1959-01-01	2026-06-01 / upd 2026-07-30	Personal Income and Outlays || 2026-06-01=2.7
activity	W875RX1	OK	Real personal income excluding current transfer receipts	M	Bil. of Chn. 2017 $	SAAR	1959-01-01	2026-06-01 / upd 2026-07-30	Personal Income and Outlays || 2026-06-01=16606.1
activity	A229RX0	OK	Real Disposable Personal Income: Per Capita	M	Chn. 2017 $	SAAR	1959-01-01	2026-06-01 / upd 2026-07-30	Personal Income and Outlays || 2026-06-01=52669.0
activity	UMCSENT	OK	University of Michigan: Consumer Sentiment	M	Index 1966:Q1=100	NSA	1952-11-01	2026-06-01 / upd 2026-07-31	Surveys of Consumers || 2026-06-01=49.5
activity	UMCSENT1	OK	University of Michigan: Consumer Sentiment (DISCONTINUED)	NA	Index 1966:Q1=100	NSA	1952-11-01	1977-11-01 / upd 2004-01-12	Surveys of Consumers || 1977-11-01=84.4
activity	CSCICP03USM665S	OK	Composite Leading Indicators: Composite Consumer Confidence Amplitude Adjusted for United 	M	Normalised (Normal=100)	SA	1960-01-01	2024-01-01 / upd 2025-11-17	Main Economic Indicators || 2024-01-01=98.91297
activity	USACSCICP02STSAM	OK	Consumer Opinion Surveys: Composite Consumer Confidence for United States	M	Percentage balance	SA	1960-01-01	2026-06-01 / upd 2026-07-16	Main Economic Indicators || 2026-06-01=53.25921
activity	CFNAI	OK	Chicago Fed National Activity Index	M	Index	NSA	1967-03-01	2026-06-01 / upd 2026-07-23	Chicago Fed National Activity Index || 2026-06-01=-0.02
activity	CFNAIDIFF	OK	Chicago Fed National Activity Index: Diffusion Index	M	Index	NSA	1967-05-01	2026-06-01 / upd 2026-07-23	Chicago Fed National Activity Index || 2026-06-01=-0.03
activity	USSLIND	OK	Leading Index for the United States	M	%	SA	1982-01-01	2020-02-01 / upd 2020-04-14	State Leading Indexes || 2020-02-01=1.72
activity	GDPNOW	OK	GDPNow	Q	% Chg. at Annual Rate	SAAR	2011-07-01	2026-07-01 / upd 2026-08-14	GDPNow || 2026-07-01=4.3120
activity	WEI	OK	Weekly Economic Index (Lewis-Mertens-Stock)	W	Index	NSA	2008-01-05	2026-08-08 / upd 2026-08-13	Weekly Economic Index (Lewis-Mertens-Stock) || 2026-08-08=2.7
activity	ADSI	MISSING							
activity	NAPM	MISSING							
activity	NAPMNOI	MISSING							
activity	USPHCI	OK	Coincident Economic Activity Index for the United States	M	Index 2007=100	SA	1979-01-01	2026-06-01 / upd 2026-07-24	State Coincident Indexes || 2026-06-01=149.37
activity	TOTALSA	OK	Total Vehicle Sales	M	Mil. of Units	SAAR	1976-01-01	2026-07-01 / upd 2026-08-07	Supplemental Estimates, Motor Vehicles || 2026-07-01=16.782
activity	ALTSALES	OK	Light Weight Vehicle Sales: Autos and Light Trucks	M	Mil. of Units	SAAR	1976-01-01	2026-07-01 / upd 2026-08-07	Supplemental Estimates, Motor Vehicles || 2026-07-01=16.326
activity	DAUTOSAAR	OK	Motor Vehicle Retail Sales: Domestic Autos	M	Mil. of Units	SAAR	1967-01-01	2026-07-01 / upd 2026-08-07	Supplemental Estimates, Motor Vehicles || 2026-07-01=1.829
activity	BOPGSTB	OK	Trade Balance: Goods and Services, Balance of Payments Basis	M	Mil. of $	SA	1992-01-01	2026-06-01 / upd 2026-08-04	U.S. International Trade in Goods and Services || 2026-06-01=-73261.0
activity	IEABC	OK	Balance on current account	Q	Mil. of $	SA	1999-01-01	2026-01-01 / upd 2026-06-24	U.S. International Transactions || 2026-01-01=-226828
activity	NETFI	OK	Balance on Current Account, NIPA's	Q	Bil. of $	SAAR	1947-01-01	2026-01-01 / upd 2026-06-25	Gross Domestic Product || 2026-01-01=-994.536
activity	NAPMPI	MISSING							
activity	NMFBAI	MISSING							
activity	CONCCONF	MISSING							
labor_market	UNRATE	OK	Unemployment Rate	M	%	SA	1948-01-01	2026-07-01 / upd 2026-08-07	Employment Situation || 2026-07-01=4.1
labor_market	U6RATE	OK	Total Unemployed, Plus All Persons Marginally Attached to the Labor Force, Plus Total Empl	M	%	SA	1994-01-01	2026-07-01 / upd 2026-08-07	Employment Situation || 2026-07-01=7.9
labor_market	CIVPART	OK	Labor Force Participation Rate	M	%	SA	1948-01-01	2026-07-01 / upd 2026-08-07	Employment Situation || 2026-07-01=61.4
labor_market	EMRATIO	OK	Employment-Population Ratio	M	%	SA	1948-01-01	2026-07-01 / upd 2026-08-07	Employment Situation || 2026-07-01=58.9
labor_market	LNS11300060	OK	Labor Force Participation Rate - 25-54 Yrs.	M	%	SA	1948-01-01	2026-07-01 / upd 2026-08-07	Employment Situation || 2026-07-01=83.4
labor_market	LNS12300060	OK	Employment-Population Ratio - 25-54 Yrs.	M	%	SA	1948-01-01	2026-07-01 / upd 2026-08-07	Employment Situation || 2026-07-01=80.4
labor_market	UNEMPLOY	OK	Unemployment Level	M	Thous. of Persons	SA	1948-01-01	2026-07-01 / upd 2026-08-07	Employment Situation || 2026-07-01=6916
labor_market	LNU04000000	MISSING							
labor_market	PAYEMS	OK	All Employees, Total Nonfarm	M	Thous. of Persons	SA	1939-01-01	2026-07-01 / upd 2026-08-07	Employment Situation || 2026-07-01=158858
labor_market	USPRIV	OK	All Employees, Total Private	M	Thous. of Persons	SA	1939-01-01	2026-07-01 / upd 2026-08-07	Employment Situation || 2026-07-01=135588
labor_market	MANEMP	OK	All Employees, Manufacturing	M	Thous. of Persons	SA	1939-01-01	2026-07-01 / upd 2026-08-07	Employment Situation || 2026-07-01=12611
labor_market	USCONS	OK	All Employees, Construction	M	Thous. of Persons	SA	1939-01-01	2026-07-01 / upd 2026-08-07	Employment Situation || 2026-07-01=8343
labor_market	USGOVT	OK	All Employees, Government	M	Thous. of Persons	SA	1939-01-01	2026-07-01 / upd 2026-08-07	Employment Situation || 2026-07-01=23270
labor_market	CES9091000001	OK	All Employees, Federal	M	Thous. of Persons	SA	1939-01-01	2026-07-01 / upd 2026-08-07	Employment Situation || 2026-07-01=2683
labor_market	USTPU	OK	All Employees, Trade, Transportation, and Utilities	M	Thous. of Persons	SA	1939-01-01	2026-07-01 / upd 2026-08-07	Employment Situation || 2026-07-01=28708
labor_market	USFIRE	OK	All Employees, Financial Activities	M	Thous. of Persons	SA	1939-01-01	2026-07-01 / upd 2026-08-07	Employment Situation || 2026-07-01=9090
labor_market	USEHS	OK	All Employees, Private Education and Health Services	M	Thous. of Persons	SA	1939-01-01	2026-07-01 / upd 2026-08-07	Employment Situation || 2026-07-01=27962
labor_market	USLAH	OK	All Employees, Leisure and Hospitality	M	Thous. of Persons	SA	1939-01-01	2026-07-01 / upd 2026-08-07	Employment Situation || 2026-07-01=16931
labor_market	AWHAETP	OK	Average Weekly Hours of All Employees, Total Private	M	Hours	SA	2006-03-01	2026-07-01 / upd 2026-08-07	? || 2026-07-01=34.3
labor_market	AWHMAN	OK	Average Weekly Hours of Production and Nonsupervisory Employees, Manufacturing	M	Hours	SA	1939-01-01	2026-07-01 / upd 2026-08-07	? || 2026-07-01=41.7
labor_market	CES0500000003	OK	Average Hourly Earnings of All Employees, Total Private	M	$ per Hour	SA	2006-03-01	2026-07-01 / upd 2026-08-07	? || 2026-07-01=37.62
labor_market	CES0500000008	MISSING							
labor_market	CES0500000002	MISSING							
labor_market	CES0500000017	MISSING							
labor_market	ICSA	OK	Initial Claims	W	Number	SA	1967-01-07	2026-08-08 / upd 2026-08-13	Unemployment Insurance Weekly Claims Report || 2026-08-08=209000
labor_market	CCSA	OK	Continued Claims (Insured Unemployment)	W	Number	SA	1967-01-07	2026-08-01 / upd 2026-08-13	Unemployment Insurance Weekly Claims Report || 2026-08-01=1777000
labor_market	IC4WSA	OK	4-Week Moving Average of Initial Claims	W	Number	SA	1967-01-28	2026-08-08 / upd 2026-08-13	Unemployment Insurance Weekly Claims Report || 2026-08-08=199000
labor_market	ICNSA	OK	Initial Claims	W	Number	NSA	1967-01-07	2026-08-08 / upd 2026-08-13	Unemployment Insurance Weekly Claims Report || 2026-08-08=186909
labor_market	JTSJOL	OK	Job Openings: Total Nonfarm	M	Level in Thous.	SA	2000-12-01	2026-06-01 / upd 2026-08-04	Job Openings and Labor Turnover Survey || 2026-06-01=7359
labor_market	JTSHIR	OK	Hires: Total Nonfarm	M	Rate	SA	2000-12-01	2026-06-01 / upd 2026-08-04	Job Openings and Labor Turnover Survey || 2026-06-01=3.4
labor_market	JTSQUR	OK	Quits: Total Nonfarm	M	Rate	SA	2000-12-01	2026-06-01 / upd 2026-08-04	Job Openings and Labor Turnover Survey || 2026-06-01=2.0
labor_market	JTSLDR	OK	Layoffs and Discharges: Total Nonfarm	M	Rate	SA	2000-12-01	2026-06-01 / upd 2026-08-04	Job Openings and Labor Turnover Survey || 2026-06-01=1.1
labor_market	JTSTSR	OK	Total Separations: Total Nonfarm	M	Rate	SA	2000-12-01	2026-06-01 / upd 2026-08-04	Job Openings and Labor Turnover Survey || 2026-06-01=3.4
labor_market	JTSJOR	OK	Job Openings: Total Nonfarm	M	Rate	SA	2000-12-01	2026-06-01 / upd 2026-08-04	Job Openings and Labor Turnover Survey || 2026-06-01=4.4
labor_market	JTSQUL	OK	Quits: Total Nonfarm	M	Level in Thous.	SA	2000-12-01	2026-06-01 / upd 2026-08-04	Job Openings and Labor Turnover Survey || 2026-06-01=3232
labor_market	JTSLDL	OK	Layoffs and Discharges: Total Nonfarm	M	Level in Thous.	SA	2000-12-01	2026-06-01 / upd 2026-08-04	Job Openings and Labor Turnover Survey || 2026-06-01=1766
labor_market	LNS12032194	OK	Employment Level - Part-Time for Economic Reasons, All Industries	M	Thous. of Persons	SA	1955-05-01	2026-07-01 / upd 2026-08-07	Employment Situation || 2026-07-01=4804
labor_market	UEMPMED	OK	Median Weeks Unemployed	M	Weeks	SA	1967-07-01	2026-07-01 / upd 2026-08-07	Employment Situation || 2026-07-01=10.5
labor_market	UEMPLT5	OK	Number Unemployed for Less Than 5 Weeks	M	Thous. of Persons	SA	1948-01-01	2026-07-01 / upd 2026-08-07	Employment Situation || 2026-07-01=1960
labor_market	UEMP27OV	OK	Number Unemployed for 27 Weeks & over	M	Thous. of Persons	SA	1948-01-01	2026-07-01 / upd 2026-08-07	Employment Situation || 2026-07-01=1771
labor_market	LNS13023621	OK	Unemployment Level - Job Losers	M	Thous. of Persons	SA	1967-01-01	2026-07-01 / upd 2026-08-07	Employment Situation || 2026-07-01=3309
labor_market	LNS15000000	OK	Not in Labor Force	M	Thous. of Persons	SA	1975-01-01	2026-07-01 / upd 2026-08-07	Employment Situation || 2026-07-01=106189
labor_market	ECIALLCIV	OK	Employment Cost Index: Total compensation: All Civilian	Q	Index: Dec 2005=100	SA	2001-01-01	2026-04-01 / upd 2026-07-31	Employment Cost Index || 2026-04-01=177.178
labor_market	ECIWAG	OK	Employment Cost Index: Wages and Salaries: Private Industry Workers	Q	Index Dec 2005=100	SA	2001-01-01	2026-04-01 / upd 2026-07-31	Employment Cost Index || 2026-04-01=179.010
labor_market	CIU1010000000000A	MISSING							
labor_market	OPHNFB	OK	Nonfarm Business Sector: Labor Productivity (Output per Hour) for All Workers	Q	Index 2017=100	SA	1947-01-01	2026-04-01 / upd 2026-08-06	Productivity and Costs || 2026-04-01=120.017
labor_market	ULCNFB	OK	Nonfarm Business Sector: Unit Labor Costs for All Workers	Q	Index 2017=100	SA	1947-01-01	2026-04-01 / upd 2026-08-06	Productivity and Costs || 2026-04-01=124.022
labor_market	HOANBS	OK	Nonfarm Business Sector: Hours Worked for All Workers	Q	Index 2017=100	SA	1947-01-01	2026-04-01 / upd 2026-08-06	Productivity and Costs || 2026-04-01=105.877
labor_market	NROU	OK	Noncyclical Rate of Unemployment	Q	%	NSA	1949-01-01	2036-10-01 / upd 2026-02-27	Budget and Economic Outlook || 2036-10-01=4.16389489162988
labor_market	SAHMREALTIME	OK	Real-time Sahm Rule Recession Indicator	M	Percentage Points	SA	1959-12-01	2026-07-01 / upd 2026-08-07	Sahm Rule Recession Indicator || 2026-07-01=-0.03
labor_market	SAHMCURRENT	OK	Sahm Rule Recession Indicator	M	Percentage Points	SA	1949-03-01	2026-07-01 / upd 2026-08-07	Sahm Rule Recession Indicator || 2026-07-01=-0.03
labor_market	FRBATLWGT12MMAUMHWGO	MISSING							
labor_market	ADPWNUSNERSA	OK	Total Nonfarm Private Payroll Employment	W	Persons	SA	2010-01-09	2026-06-13 / upd 2026-08-05	ADP National Employment Report || 2026-06-13=132653000.0
labor_market	ADPMNUSNERSA	OK	Total Nonfarm Private Payroll Employment	M	Persons	SA	2010-01-01	2026-07-01 / upd 2026-08-05	ADP National Employment Report || 2026-07-01=132763000.0
labor_market	LNS14027662	OK	Unemployment Rate - Bachelor's Degree and Higher, 25 Yrs. & over	M	%	SA	1992-01-01	2026-07-01 / upd 2026-08-07	Employment Situation || 2026-07-01=2.7
labor_market	LNS14000003	OK	Unemployment Rate - White	M	%	SA	1954-01-01	2026-07-01 / upd 2026-08-07	Employment Situation || 2026-07-01=3.6
labor_market	LNS14000006	OK	Unemployment Rate - Black or African American	M	%	SA	1972-01-01	2026-07-01 / upd 2026-08-07	Employment Situation || 2026-07-01=6.3
labor_market	LNS14000009	OK	Unemployment Rate - Hispanic or Latino	M	%	SA	1973-03-01	2026-07-01 / upd 2026-08-07	Employment Situation || 2026-07-01=4.6
labor_market	LNS14032183	OK	Unemployment Rate - Asian	M	%	SA	2003-01-01	2026-07-01 / upd 2026-08-07	Employment Situation || 2026-07-01=4.0
inflation	CPIAUCSL	OK	Consumer Price Index for All Urban Consumers: All Items in U.S. City Average	M	Index 1982-1984=100	SA	1947-01-01	2026-07-01 / upd 2026-08-12	Consumer Price Index || 2026-07-01=332.813
inflation	CPILFESL	OK	Consumer Price Index for All Urban Consumers: All Items Less Food and Energy in U.S. City 	M	Index 1982-1984=100	SA	1957-01-01	2026-07-01 / upd 2026-08-12	Consumer Price Index || 2026-07-01=336.789
inflation	CPIUFDSL	OK	Consumer Price Index for All Urban Consumers: Food in U.S. City Average	M	Index 1982-1984=100	SA	1947-01-01	2026-07-01 / upd 2026-08-12	Consumer Price Index || 2026-07-01=349.881
inflation	CPIENGSL	OK	Consumer Price Index for All Urban Consumers: Energy in U.S. City Average	M	Index 1982-1984=100	SA	1957-01-01	2026-07-01 / upd 2026-08-12	Consumer Price Index || 2026-07-01=314.553
inflation	CUSR0000SAH1	OK	Consumer Price Index for All Urban Consumers: Shelter in U.S. City Average	M	Index 1982-1984=100	SA	1953-01-01	2026-07-01 / upd 2026-08-12	Consumer Price Index || 2026-07-01=429.095
inflation	CUSR0000SASLE	OK	Consumer Price Index for All Urban Consumers: Services Less Energy Services in U.S. City A	M	Index 1982-1984=100	SA	1967-01-01	2026-07-01 / upd 2026-08-12	Consumer Price Index || 2026-07-01=445.616
inflation	CUSR0000SACL1E	OK	Consumer Price Index for All Urban Consumers: Commodities Less Food and Energy Commodities	M	Index 1982-1984=100	SA	1957-01-01	2026-07-01 / upd 2026-08-12	Consumer Price Index || 2026-07-01=167.762
inflation	CUSR0000SETA01	OK	Consumer Price Index for All Urban Consumers: New Vehicles in U.S. City Average	M	Index 1982-1984=100	SA	1953-01-01	2026-07-01 / upd 2026-08-12	Consumer Price Index || 2026-07-01=178.810
inflation	CUSR0000SETA02	OK	Consumer Price Index for All Urban Consumers: Used Cars and Trucks in U.S. City Average	M	Index 1982-1984=100	SA	1953-01-01	2026-07-01 / upd 2026-08-12	Consumer Price Index || 2026-07-01=180.306
inflation	CUSR0000SEHA	OK	Consumer Price Index for All Urban Consumers: Rent of Primary Residence in U.S. City Avera	M	Index 1982-1984=100	SA	1981-01-01	2026-07-01 / upd 2026-08-12	Consumer Price Index || 2026-07-01=448.542
inflation	CUSR0000SAM2	OK	Consumer Price Index for All Urban Consumers: Medical Care Services in U.S. City Average	M	Index 1982-1984=100	SA	1956-01-01	2026-07-01 / upd 2026-08-12	Consumer Price Index || 2026-07-01=655.160
inflation	CPIAUCNS	OK	Consumer Price Index for All Urban Consumers: All Items in U.S. City Average	M	Index 1982-1984=100	NSA	1913-01-01	2026-07-01 / upd 2026-08-12	Consumer Price Index || 2026-07-01=333.918
inflation	CPIMEDSL	OK	Consumer Price Index for All Urban Consumers: Medical Care in U.S. City Average	M	Index 1982-1984=100	SA	1947-01-01	2026-07-01 / upd 2026-08-12	Consumer Price Index || 2026-07-01=594.393
inflation	CPIHOSSL	OK	Consumer Price Index for All Urban Consumers: Housing in U.S. City Average	M	Index 1982-1984=100	SA	1967-01-01	2026-07-01 / upd 2026-08-12	Consumer Price Index || 2026-07-01=358.931
inflation	PCEPI	OK	Personal Consumption Expenditures: Chain-type Price Index	M	Index 2017=100	SA	1959-01-01	2026-06-01 / upd 2026-07-30	Personal Income and Outlays || 2026-06-01=131.392
inflation	PCEPILFE	OK	Personal Consumption Expenditures Excluding Food and Energy (Chain-Type Price Index)	M	Index 2017=100	SA	1959-01-01	2026-06-01 / upd 2026-07-30	Personal Income and Outlays || 2026-06-01=130.266
inflation	DPCERG3M086SBEA	MISSING							
inflation	DPCCRG3M086SBEA	MISSING							
inflation	PCETRIM12M159SFRBDAL	OK	Trimmed Mean PCE Inflation Rate	M	% Chg. from Yr. Ago	SA	1978-01-01	2026-06-01 / upd 2026-07-30	Trimmed Mean PCE Inflation Rate || 2026-06-01=2.23
inflation	PCETRIM1M158SFRBDAL	OK	Trimmed Mean PCE Inflation Rate	M	% Chg. at Annual Rate	SA	1977-02-01	2026-06-01 / upd 2026-07-30	Trimmed Mean PCE Inflation Rate || 2026-06-01=1.44
inflation	MEDCPIM158SFRBCLE	OK	Median Consumer Price Index	M	% Chg. at Annual Rate	SA	1983-01-01	2026-07-01 / upd 2026-08-12	Current Median CPI || 2026-07-01=3.11469719601836
inflation	TRMMEANCPIM158SFRBCLE	OK	16% Trimmed-Mean Consumer Price Index	M	% Chg. at Annual Rate	SA	1983-01-01	2026-07-01 / upd 2026-08-12	Current Median CPI || 2026-07-01=2.70627619900861
inflation	STICKCPIM159SFRBATL	OK	Sticky Price Consumer Price Index	M	% Chg. from Yr. Ago	SA	1968-01-01	2026-07-01 / upd 2026-08-12	Sticky Price CPI || 2026-07-01=2.76315474
inflation	CORESTICKM159SFRBATL	OK	Sticky Price Consumer Price Index less Food and Energy	M	% Chg. from Yr. Ago	SA	1968-01-01	2026-07-01 / upd 2026-08-12	Sticky Price CPI || 2026-07-01=2.715835582
inflation	FLEXCPIM159SFRBATL	OK	Flexible Price Consumer Price Index	M	% Chg. from Yr. Ago	SA	1968-01-01	2026-07-01 / upd 2026-08-12	Sticky Price CPI || 2026-07-01=4.682278626
inflation	CORESTICKM158SFRBATL	OK	Sticky Price Consumer Price Index less Food and Energy	M	% Chg. at Annual Rate	SA	1967-02-01	2026-07-01 / upd 2026-08-12	Sticky Price CPI || 2026-07-01=3.478102092
inflation	PPIACO	OK	Producer Price Index by Commodity: All Commodities	M	Index 1982=100	NSA	1913-01-01	2026-07-01 / upd 2026-08-13	Producer Price Index || 2026-07-01=284.057
inflation	PPIFIS	OK	Producer Price Index by Commodity: Final Demand	M	Index Nov 2009=100	SA	2009-11-01	2026-07-01 / upd 2026-08-13	Producer Price Index || 2026-07-01=156.563
inflation	WPSFD49207	OK	Producer Price Index by Commodity: Final Demand: Finished Goods	M	Index 1982=100	SA	1947-04-01	2026-07-01 / upd 2026-08-13	Producer Price Index || 2026-07-01=276.698
inflation	WPSFD4131	OK	Producer Price Index by Commodity: Final Demand: Finished Goods Less Foods and Energy	M	Index 1982=100	SA	1974-01-01	2026-07-01 / upd 2026-08-13	Producer Price Index || 2026-07-01=269.780
inflation	WPUFD49104	MISSING							
inflation	WPSFD41312	OK	Producer Price Index by Commodity: Final Demand: Private Capital Equipment	M	Index 1982=100	SA	1947-04-01	2026-07-01 / upd 2026-08-13	Producer Price Index || 2026-07-01=233.516
inflation	IR	OK	Import Price Index (End Use): All Commodities	M	Index 2000=100	NSA	1982-09-01	2026-06-01 / upd 2026-07-17	U.S. Import and Export Price Indexes || 2026-06-01=150.8
inflation	IQ	OK	Export Price Index (End Use): All Commodities	M	Index 2000=100	NSA	1983-09-01	2026-06-01 / upd 2026-07-17	U.S. Import and Export Price Indexes || 2026-06-01=167.8
inflation	IREXFOODFEEDS	MISSING							
inflation	MICH	OK	University of Michigan: Inflation Expectation	M	%	NSA	1978-01-01	2026-06-01 / upd 2026-07-31	Surveys of Consumers || 2026-06-01=4.6
inflation	T5YIE	OK	5-Year Breakeven Inflation Rate	D	%	NSA	2003-01-02	2026-08-14 / upd 2026-08-14	Interest Rate Spreads || 2026-08-14=2.24
inflation	T10YIE	OK	10-Year Breakeven Inflation Rate	D	%	NSA	2003-01-02	2026-08-14 / upd 2026-08-14	Interest Rate Spreads || 2026-08-14=2.27
inflation	T5YIFR	OK	5-Year, 5-Year Forward Inflation Expectation Rate	D	%	NSA	2003-01-02	2026-08-14 / upd 2026-08-14	Interest Rate Spreads || 2026-08-14=2.3
inflation	EXPINF1YR	OK	1-Year Expected Inflation	M	%	NSA	1982-01-01	2026-08-01 / upd 2026-08-12	Inflation Expectations || 2026-08-01=2.39370308
inflation	EXPINF10YR	OK	10-Year Expected Inflation	M	%	NSA	1982-01-01	2026-08-01 / upd 2026-08-12	Inflation Expectations || 2026-08-01=2.491664
inflation	GDPDEF	OK	Gross Domestic Product: Implicit Price Deflator	Q	Index 2017=100	SA	1947-01-01	2026-04-01 / upd 2026-07-30	Gross Domestic Product || 2026-04-01=133.805
inflation	GDPCTPI	OK	Gross Domestic Product: Chain-type Price Index	Q	Index 2017=100	SA	1947-01-01	2026-04-01 / upd 2026-07-30	Gross Domestic Product || 2026-04-01=133.809
inflation	DCOILWTICO	OK	Crude Oil Prices: West Texas Intermediate (WTI) - Cushing, Oklahoma	D	$ per Barrel	NSA	1986-01-02	2026-08-11 / upd 2026-08-12	Spot Prices || 2026-08-11=84.77
inflation	DCOILBRENTEU	OK	Crude Oil Prices: Brent - Europe	D	$ per Barrel	NSA	1987-05-20	2026-08-11 / upd 2026-08-12	Spot Prices || 2026-08-11=93.26
inflation	GASREGW	OK	US Regular All Formulations Gas Price	W	$ per Gallon	NSA	1990-08-20	2026-08-10 / upd 2026-08-11	Gasoline and Diesel Fuel Update || 2026-08-10=4.006
inflation	DHHNGSP	OK	Henry Hub Natural Gas Spot Price	D	$ Per Mil. BTU	NSA	1997-01-07	2026-08-11 / upd 2026-08-12	Natural Gas Spot and Futures Prices (NYMEX) || 2026-08-11=2.79
inflation	PPIIDC	OK	Producer Price Index by Commodity: Industrial Commodities	M	Index 1982=100	NSA	1913-01-01	2026-07-01 / upd 2026-08-13	Producer Price Index || 2026-07-01=287.793
inflation	MEDCPIM094SFRBCLE	OK	Median Consumer Price Index	M	Index Dec 1982=100	SA	1982-12-01	2026-07-01 / upd 2026-08-12	Current Median CPI || 2026-07-01=373.440784623172
monetary_policy	FEDFUNDS	OK	Federal Funds Effective Rate	M	%	NSA	1954-07-01	2026-07-01 / upd 2026-08-03	H.15 Selected Interest Rates || 2026-07-01=3.6300000000
monetary_policy	DFF	OK	Federal Funds Effective Rate	D	%	NSA	1954-07-01	2026-08-13 / upd 2026-08-14	H.15 Selected Interest Rates || 2026-08-13=3.6300000000
monetary_policy	EFFR	OK	Effective Federal Funds Rate	D	%	NSA	2000-07-03	2026-08-14 / upd 2026-08-17	Federal Funds Data || 2026-08-14=3.63
monetary_policy	IORB	OK	Interest Rate on Reserve Balances (IORB Rate)	D	%	NSA	2021-07-29	2026-08-17 / upd 2026-08-14	Interest Rate on Reserve Balances || 2026-08-17=3.6500000000
monetary_policy	SOFR	OK	Secured Overnight Financing Rate	D	%	NSA	2018-04-03	2026-08-14 / upd 2026-08-17	Secured Overnight Financing Rate Data || 2026-08-14=3.62
monetary_policy	DFEDTARU	OK	Federal Funds Target Range - Upper Limit	D	%	NSA	2008-12-16	2026-08-17 / upd 2026-08-17	FOMC Press Release || 2026-08-17=3.7500000000
monetary_policy	DFEDTARL	OK	Federal Funds Target Range - Lower Limit	D	%	NSA	2008-12-16	2026-08-17 / upd 2026-08-17	FOMC Press Release || 2026-08-17=3.5000000000
monetary_policy	DPCREDIT	OK	Discount Window Primary Credit Rate	D	%	NSA	2003-01-09	2026-08-13 / upd 2026-08-14	H.15 Selected Interest Rates || 2026-08-13=3.7500000000
monetary_policy	OBFR	OK	Overnight Bank Funding Rate	D	%	NSA	2016-03-01	2026-08-14 / upd 2026-08-17	Overnight Bank Funding Rate Data || 2026-08-14=3.63
monetary_policy	BGCR	MISSING							
monetary_policy	TGCR	MISSING							
monetary_policy	DGS1MO	OK	Market Yield on U.S. Treasury Securities at 1-Month Constant Maturity, Quoted on an Invest	D	%	NSA	2001-07-31	2026-08-13 / upd 2026-08-14	H.15 Selected Interest Rates || 2026-08-13=3.7900000000
monetary_policy	DGS3MO	OK	Market Yield on U.S. Treasury Securities at 3-Month Constant Maturity, Quoted on an Invest	D	%	NSA	1981-09-01	2026-08-13 / upd 2026-08-14	H.15 Selected Interest Rates || 2026-08-13=3.8700000000
monetary_policy	DGS6MO	OK	Market Yield on U.S. Treasury Securities at 6-Month Constant Maturity, Quoted on an Invest	D	%	NSA	1981-09-01	2026-08-13 / upd 2026-08-14	H.15 Selected Interest Rates || 2026-08-13=3.9400000000
monetary_policy	DGS1	OK	Market Yield on U.S. Treasury Securities at 1-Year Constant Maturity, Quoted on an Investm	D	%	NSA	1962-01-02	2026-08-13 / upd 2026-08-14	H.15 Selected Interest Rates || 2026-08-13=3.9700000000
monetary_policy	DGS2	OK	Market Yield on U.S. Treasury Securities at 2-Year Constant Maturity, Quoted on an Investm	D	%	NSA	1976-06-01	2026-08-13 / upd 2026-08-14	H.15 Selected Interest Rates || 2026-08-13=4.1500000000
monetary_policy	DGS3	OK	Market Yield on U.S. Treasury Securities at 3-Year Constant Maturity, Quoted on an Investm	D	%	NSA	1962-01-02	2026-08-13 / upd 2026-08-14	H.15 Selected Interest Rates || 2026-08-13=4.2000000000
monetary_policy	DGS5	OK	Market Yield on U.S. Treasury Securities at 5-Year Constant Maturity, Quoted on an Investm	D	%	NSA	1962-01-02	2026-08-13 / upd 2026-08-14	H.15 Selected Interest Rates || 2026-08-13=4.3200000000
monetary_policy	DGS7	OK	Market Yield on U.S. Treasury Securities at 7-Year Constant Maturity, Quoted on an Investm	D	%	NSA	1969-07-01	2026-08-13 / upd 2026-08-14	H.15 Selected Interest Rates || 2026-08-13=4.4700000000
monetary_policy	DGS10	OK	Market Yield on U.S. Treasury Securities at 10-Year Constant Maturity, Quoted on an Invest	D	%	NSA	1962-01-02	2026-08-13 / upd 2026-08-14	H.15 Selected Interest Rates || 2026-08-13=4.6300000000
monetary_policy	DGS20	OK	Market Yield on U.S. Treasury Securities at 20-Year Constant Maturity, Quoted on an Invest	D	%	NSA	1962-01-02	2026-08-13 / upd 2026-08-14	H.15 Selected Interest Rates || 2026-08-13=5.2000000000
monetary_policy	DGS30	OK	Market Yield on U.S. Treasury Securities at 30-Year Constant Maturity, Quoted on an Invest	D	%	NSA	1977-02-15	2026-08-13 / upd 2026-08-14	H.15 Selected Interest Rates || 2026-08-13=5.2100000000
monetary_policy	T10Y2Y	OK	10-Year Treasury Constant Maturity Minus 2-Year Treasury Constant Maturity	D	%	NSA	1976-06-01	2026-08-14 / upd 2026-08-14	Interest Rate Spreads || 2026-08-14=0.51
monetary_policy	T10Y3M	OK	10-Year Treasury Constant Maturity Minus 3-Month Treasury Constant Maturity	D	%	NSA	1982-01-04	2026-08-14 / upd 2026-08-14	Interest Rate Spreads || 2026-08-14=0.82
monetary_policy	DFII5	OK	Market Yield on U.S. Treasury Securities at 5-Year Constant Maturity, Quoted on an Investm	D	%	NSA	2003-01-02	2026-08-13 / upd 2026-08-14	H.15 Selected Interest Rates || 2026-08-13=2.1100000000
monetary_policy	DFII10	OK	Market Yield on U.S. Treasury Securities at 10-Year Constant Maturity, Quoted on an Invest	D	%	NSA	2003-01-02	2026-08-13 / upd 2026-08-14	H.15 Selected Interest Rates || 2026-08-13=2.3900000000
monetary_policy	DFII30	OK	Market Yield on U.S. Treasury Securities at 30-Year Constant Maturity, Quoted on an Invest	D	%	NSA	2010-02-22	2026-08-13 / upd 2026-08-14	H.15 Selected Interest Rates || 2026-08-13=2.9700000000
monetary_policy	THREEFYTP10	OK	Term Premium on a 10 Year Zero Coupon Bond	D	%	NSA	1990-01-02	2026-08-07 / upd 2026-08-11	An Arbitrage-Free Three-Factor Term Structure Model  || 2026-08-07=0.8257
monetary_policy	THREEFY10	OK	Fitted Yield on a 10 Year Zero Coupon Bond	D	%	NSA	1990-01-02	2026-08-07 / upd 2026-08-11	An Arbitrage-Free Three-Factor Term Structure Model  || 2026-08-07=4.7211
monetary_policy	REAINTRATREARAT10Y	OK	10-Year Real Interest Rate	M	%	NSA	1982-01-01	2026-08-01 / upd 2026-08-12	Inflation Expectations || 2026-08-01=2.1952667
monetary_policy	WALCL	OK	Assets: Total Assets: Total Assets (Less Eliminations from Consolidation): Wednesday Level	W	Mil. of U.S. $	NSA	2002-12-18	2026-08-12 / upd 2026-08-13	H.4.1 Factors Affecting Reserve Balances || 2026-08-12=6759955.0000000000
monetary_policy	WSHOSHO	OK	Assets: Securities Held Outright: Securities Held Outright: Wednesday Level	W	Mil. of U.S. $	NSA	2002-12-18	2026-08-12 / upd 2026-08-13	H.4.1 Factors Affecting Reserve Balances || 2026-08-12=6471490.0000000000
monetary_policy	WSHOMCB	OK	Assets: Securities Held Outright: Mortgage-Backed Securities: Wednesday Level	W	Mil. of U.S. $	NSA	2002-12-18	2026-08-12 / upd 2026-08-13	H.4.1 Factors Affecting Reserve Balances || 2026-08-12=1930855.0000000000
monetary_policy	RRPONTSYD	OK	Overnight Reverse Repurchase Agreements: Treasury Securities Sold by the Federal Reserve i	D	Bil. of US $	NSA	2003-02-07	2026-08-14 / upd 2026-08-14	Temporary Open Market Operations || 2026-08-14=0.25
monetary_policy	WRESBAL	OK	Liabilities and Capital: Other Factors Draining Reserve Balances: Reserve Balances with Fe	W	Mil. of U.S. $	NSA	2002-12-18	2026-08-12 / upd 2026-08-13	H.4.1 Factors Affecting Reserve Balances || 2026-08-12=2944059.0000000000
monetary_policy	TOTRESNS	OK	Reserves of Depository Institutions: Total	M	Bil. of $	NSA	1959-01-01	2026-06-01 / upd 2026-07-28	H.6 Money Stock Measures || 2026-06-01=3018.8000000000
monetary_policy	WTREGEN	OK	Liabilities and Capital: Liabilities: Deposits with F.R. Banks, Other Than Reserve Balance	W	Mil. of U.S. $	NSA	2002-12-18	2026-08-12 / upd 2026-08-13	H.4.1 Factors Affecting Reserve Balances || 2026-08-12=963950.0000000000
monetary_policy	WLCFLPCL	OK	Assets: Liquidity and Credit Facilities: Loans: Primary Credit: Wednesday Level	W	Mil. of U.S. $	NSA	2002-12-18	2026-08-12 / upd 2026-08-13	H.4.1 Factors Affecting Reserve Balances || 
monetary_policy	M1SL	OK	M1	M	Bil. of $	SA	1959-01-01	2026-06-01 / upd 2026-07-28	H.6 Money Stock Measures || 2026-06-01=19831.5000000000
monetary_policy	M2SL	OK	M2	M	Bil. of $	SA	1959-01-01	2026-06-01 / upd 2026-07-28	H.6 Money Stock Measures || 
monetary_policy	M2REAL	OK	Real M2 Money Stock	M	Bil. of 1982-84 $	SA	1959-01-01	2026-06-01 / upd 2026-07-28	? || 2026-06-01=6962.5
monetary_policy	BOGMBASE	OK	Monetary Base: Total	M	Bil. of $	NSA	1959-01-01	2026-06-01 / upd 2026-07-28	? || 2026-06-01=5488.4000000000
monetary_policy	CURRCIR	OK	Currency in Circulation (DISCONTINUED)	M	Bil. of $	NSA	1917-08-01	2025-10-01 / upd 2025-10-30	? || 2025-10-01=2415.653
monetary_policy	M2V	MISSING							
monetary_policy	NFCI	OK	Chicago Fed National Financial Conditions Index	W	Index	NSA	1971-01-08	2026-08-07 / upd 2026-08-12	Chicago Fed National Financial Conditions Index || 2026-08-07=-0.54900
monetary_policy	ANFCI	OK	Chicago Fed Adjusted National Financial Conditions Index	W	Index	NSA	1971-01-08	2026-08-07 / upd 2026-08-12	Chicago Fed National Financial Conditions Index || 2026-08-07=-0.57900
monetary_policy	STLFSI4	OK	St. Louis Fed Financial Stress Index	W	Index	NSA	1993-12-31	2026-08-07 / upd 2026-08-12	St. Louis Fed Financial Stress Index || 2026-08-07=-0.7709000000
monetary_policy	KCFSI	OK	Kansas City Financial Stress Index	M	Index	NSA	1990-02-01	2026-07-01 / upd 2026-08-05	Kansas City Financial Stress Index || 2026-07-01=-0.848318766725325
monetary_policy	VIXCLS	OK	CBOE Volatility Index: VIX	D	Index	NSA	1990-01-02	2026-08-14 / upd 2026-08-17	CBOE Market Statistics || 2026-08-14=14.25
monetary_policy	BAMLH0A0HYM2	OK	ICE BofA US High Yield Index Option-Adjusted Spread	D	%	NSA	2023-08-18	2026-08-14 / upd 2026-08-17	ICE BofA Indices || 2026-08-14=2.6700000000
monetary_policy	BAMLC0A0CM	OK	ICE BofA US Corporate Index Option-Adjusted Spread	D	%	NSA	2023-08-18	2026-08-14 / upd 2026-08-17	ICE BofA Indices || 2026-08-14=0.8000000000
monetary_policy	BAA10Y	OK	Moody's Seasoned Baa Corporate Bond Yield Relative to Yield on 10-Year Treasury Constant M	D	%	NSA	1986-01-02	2026-08-13 / upd 2026-08-14	Interest Rate Spreads || 2026-08-13=1.67
monetary_policy	AAA10Y	OK	Moody's Seasoned Aaa Corporate Bond Yield Relative to Yield on 10-Year Treasury Constant M	D	%	NSA	1983-01-03	2026-08-13 / upd 2026-08-14	Interest Rate Spreads || 2026-08-13=1.22
monetary_policy	DPRIME	OK	Bank Prime Loan Rate	D	%	NSA	1955-08-04	2026-08-13 / upd 2026-08-14	H.15 Selected Interest Rates || 2026-08-13=6.7500000000
monetary_policy	FEDTARMD	OK	FOMC Summary of Economic Projections for the Fed Funds Rate, Median	A	%	NSA	2026-01-01	2028-01-01 / upd 2026-06-17	Summary of Economic Projections || 2028-01-01=3.4
monetary_policy	FEDTARRM	OK	FOMC Summary of Economic Projections for the Fed Funds Rate, Range, Midpoint	A	%	NSA	2026-01-01	2028-01-01 / upd 2026-06-17	Summary of Economic Projections || 2028-01-01=3.40
monetary_policy	GDPC1MD	OK	FOMC Summary of Economic Projections for the Growth Rate of Real Gross Domestic Product, M	A	Fourth Qtr. to Fourth Qtr. %	NSA	2026-01-01	2028-01-01 / upd 2026-06-17	Summary of Economic Projections || 2028-01-01=2.2
monetary_policy	PCECTPIMD	OK	FOMC Summary of Economic Projections for the Personal Consumption Expenditures Inflation R	A	Fourth Qtr. to Fourth Qtr. %	NSA	2026-01-01	2028-01-01 / upd 2026-06-17	Summary of Economic Projections || 2028-01-01=2.0
monetary_policy	PCECTPICTM	OK	FOMC Summary of Economic Projections for the Personal Consumption Expenditures Inflation R	A	Fourth Qtr. to Fourth Qtr. %	NSA	2026-01-01	2028-01-01 / upd 2026-06-17	Summary of Economic Projections || 2028-01-01=2.05
monetary_policy	UNRATEMD	OK	FOMC Summary of Economic Projections for the Civilian Unemployment Rate, Median	A	%	NSA	2026-01-01	2028-01-01 / upd 2026-06-17	Summary of Economic Projections || 2028-01-01=4.2
monetary_policy	SP500	OK	S&P 500	D	Index	NSA	2016-08-15	2026-08-14 / upd 2026-08-14	Standard & Poors || 2026-08-14=7785.7600000000
monetary_policy	NASDAQCOM	OK	NASDAQ Composite	D	Index Feb 5, 1971=100	NSA	1971-02-05	2026-08-14 / upd 2026-08-14	Nasdaq Daily Index Data || 2026-08-14=26729.1600000000
monetary_policy	DJIA	OK	Dow Jones Industrial Average	D	Index	NSA	2016-08-15	2026-08-14 / upd 2026-08-14	Dow Jones Averages || 2026-08-14=53732.4100000000
monetary_policy	WILL5000INDFC	MISSING							
fiscal_policy	FYFR	OK	Federal Receipts	A	Mil. of $	NSA	1901-06-30	2025-09-30 / upd 2026-04-03	Fiscal Year Budget Data || 2025-09-30=5236421.0
fiscal_policy	FYONET	OK	Federal Net Outlays	A	Mil. of $	NSA	1901-06-30	2025-09-30 / upd 2026-04-03	Fiscal Year Budget Data || 2025-09-30=7011105.0
fiscal_policy	FYFSD	OK	Federal Surplus or Deficit [-]	A	Mil. of $	NSA	1901-06-30	2025-09-30 / upd 2026-04-03	Fiscal Year Budget Data || 2025-09-30=-1774684.0
fiscal_policy	MTSDS133FMS	OK	Federal Surplus or Deficit [-]	M	Mil. of $	NSA	1980-10-01	2026-07-01 / upd 2026-08-13	Monthly Treasury Statement || 2026-07-01=-432307.87462148
fiscal_policy	MTSR133FMS	OK	Total Federal Receipts	M	Mil. of $	NSA	1980-10-01	2026-07-01 / upd 2026-08-13	Monthly Treasury Statement || 2026-07-01=334009.87555579
fiscal_policy	MTSO133FMS	OK	Total Federal Outlays	M	Mil. of $	NSA	1980-10-01	2026-07-01 / upd 2026-08-13	Monthly Treasury Statement || 2026-07-01=766317.75017727
fiscal_policy	GFDEBTN	OK	Federal Debt: Total Public Debt	Q	Mil. of $	NSA	1966-01-01	2026-01-01 / upd 2026-06-18	Treasury Bulletin || 2026-01-01=39065421.0
fiscal_policy	GFDEGDQ188S	OK	Federal Debt: Total Public Debt as Percent of Gross Domestic Product	Q	% of GDP	SA	1966-01-01	2026-01-01 / upd 2026-06-25	Debt to Gross Domestic Product Ratios || 2026-01-01=122.59387
fiscal_policy	FYGFD	OK	Gross Federal Debt	A	Bil. of $	NSA	1939-06-30	2025-09-30 / upd 2026-04-13	Economic Report of the President || 2025-09-30=37375.0
fiscal_policy	FYGFDPUN	OK	Federal Debt Held by the Public	Q	Mil. of $	NSA	1970-01-01	2026-01-01 / upd 2026-06-18	Treasury Bulletin || 2026-01-01=31454810.955549758
fiscal_policy	FYGFDPUB	OK	Gross Federal Debt Held by the Public	A	Bil. of $	NSA	1939-06-30	2025-09-30 / upd 2026-04-13	Economic Report of the President || 2025-09-30=30167.2
fiscal_policy	FDHBFIN	OK	Federal Debt Held by Foreign and International Investors	Q	Bil. of $	NSA	1970-01-01	2025-10-01 / upd 2026-06-18	Treasury Bulletin || 2025-10-01=9270.9
fiscal_policy	FDHBPIN	OK	Federal Debt Held by Private Investors	Q	Bil. of $	NSA	1970-01-01	2026-01-01 / upd 2026-06-18	Treasury Bulletin || 2026-01-01=27041.1
fiscal_policy	FDHBFRBN	OK	Federal Debt Held by Federal Reserve Banks	Q	Bil. of $	NSA	1970-01-01	2026-01-01 / upd 2026-06-18	Treasury Bulletin || 2026-01-01=4693.551
fiscal_policy	A091RC1Q027SBEA	OK	Federal government current expenditures: Interest payments	Q	Bil. of $	SAAR	1947-01-01	2026-04-01 / upd 2026-07-30	Gross Domestic Product || 2026-04-01=1247.033
fiscal_policy	FYOIGDA188S	OK	Federal Outlays: Interest as Percent of Gross Domestic Product	A	% of GDP	NSA	1940-01-01	2025-01-01 / upd 2026-04-09	Debt to Gross Domestic Product Ratios || 2025-01-01=3.15344
fiscal_policy	FYFSGDA188S	OK	Federal Surplus or Deficit [-] as Percent of Gross Domestic Product	A	% of GDP	NSA	1929-01-01	2025-01-01 / upd 2026-04-09	Debt to Gross Domestic Product Ratios || 2025-01-01=-5.76906
fiscal_policy	W068RCQ027SBEA	OK	Government total expenditures	Q	Bil. of $	SAAR	1960-01-01	2026-04-01 / upd 2026-07-30	Gross Domestic Product || 2026-04-01=11450.307
fiscal_policy	W006RC1Q027SBEA	OK	Federal government current tax receipts	Q	Bil. of $	SAAR	1947-01-01	2026-01-01 / upd 2026-06-25	Gross Domestic Product || 2026-01-01=3645.437
fiscal_policy	FGEXPND	OK	Federal Government: Current Expenditures	Q	Bil. of $	SAAR	1947-01-01	2026-04-01 / upd 2026-07-30	Gross Domestic Product || 2026-04-01=7763.706
fiscal_policy	FGRECPT	OK	Federal Government Current Receipts	Q	Bil. of $	SAAR	1947-01-01	2026-01-01 / upd 2026-06-25	Gross Domestic Product || 2026-01-01=5872.497
fiscal_policy	AD01RC1Q027SBEA	OK	Net lending or net borrowing (-), NIPAs: Government	Q	Bil. of $	SAAR	1960-01-01	2026-01-01 / upd 2026-06-25	Gross Domestic Product || 2026-01-01=-2955.154
fiscal_policy	SLEXPND	OK	State and Local Government Current Expenditures	Q	Bil. of $	SAAR	1947-01-01	2026-04-01 / upd 2026-07-30	Gross Domestic Product || 2026-04-01=4418.17
fiscal_policy	SLINV	OK	State and Local Government Gross Investment	Q	Bil. of $	SAAR	1947-01-01	2026-04-01 / upd 2026-07-30	Gross Domestic Product || 2026-04-01=677.737
fiscal_policy	A822RE1Q156NBEA	OK	Shares of gross domestic product: Government consumption expenditures and gross investment	Q	%	NSA	1947-01-01	2026-04-01 / upd 2026-07-30	Gross Domestic Product || 2026-04-01=17.1
fiscal_policy	NCBCMDPMVCE	OK	Nonfinancial Corporate Business; Debt as a Percentage of the Market Value of Corporate Equ	Q	%	NSA	1945-10-01	2026-01-01 / upd 2026-06-11	Z.1 Financial Accounts of the United States || 2026-01-01=16.859194554323746
fiscal_policy	GFDEBTNGDP	MISSING							
fiscal_policy	FGDEF	OK	Net Federal Government Saving	Q	Bil. of $	SAAR	1947-01-01	2026-01-01 / upd 2026-06-25	Gross Domestic Product || 2026-01-01=-1807.163
fiscal_policy	CBI	OK	Change in Private Inventories	Q	Bil. of $	SAAR	1947-01-01	2026-04-01 / upd 2026-07-30	Gross Domestic Product || 2026-04-01=-89.514
fiscal_policy	IITTRLB	OK	U.S Individual Income Tax: Tax Rates for Regular Tax: Lowest Bracket	A	%	NSA	1913-01-01	2018-01-01 / upd 2021-01-14	SOI Tax Stats - Historical Data Tables || 2018-01-01=10
fiscal_policy	DDDM01USA156NWDB	OK	Stock Market Capitalization to GDP for United States	A	%	NSA	1975-01-01	2020-01-01 / upd 2024-05-07	Global Financial Development || 2020-01-01=194.889
credit	TOTBKCR	OK	Bank Credit, All Commercial Banks	W	Bil. of U.S. $	SA	1973-01-03	2026-08-05 / upd 2026-08-14	H.8 Assets and Liabilities of Commercial Banks in th || 2026-08-05=19780.8113000000
credit	BUSLOANS	OK	Commercial and Industrial Loans, All Commercial Banks	M	Bil. of U.S. $	SA	1947-01-01	2026-07-01 / upd 2026-08-14	H.8 Assets and Liabilities of Commercial Banks in th || 2026-07-01=2892.1680000000
credit	REALLN	OK	Real Estate Loans, All Commercial Banks	M	Bil. of U.S. $	SA	1947-01-01	2026-07-01 / upd 2026-08-14	H.8 Assets and Liabilities of Commercial Banks in th || 2026-07-01=5811.0129000000
credit	CONSUMER	OK	Consumer Loans, All Commercial Banks	M	Bil. of U.S. $	SA	1947-01-01	2026-07-01 / upd 2026-08-14	H.8 Assets and Liabilities of Commercial Banks in th || 2026-07-01=1909.9294000000
credit	TOTLL	OK	Loans and Leases in Bank Credit, All Commercial Banks	W	Bil. of U.S. $	SA	1973-01-03	2026-08-05 / upd 2026-08-14	H.8 Assets and Liabilities of Commercial Banks in th || 2026-08-05=13956.3873000000
credit	INVEST	OK	Securities in Bank Credit, All Commercial Banks	M	Bil. of U.S. $	SA	1947-01-01	2026-07-01 / upd 2026-08-14	H.8 Assets and Liabilities of Commercial Banks in th || 2026-07-01=5820.3231000000
credit	H8B1058NCBCMG	OK	Deposits, All Commercial Banks	M	% Chg. at Annual Rate	SA	1973-02-01	2026-07-01 / upd 2026-08-14	H.8 Assets and Liabilities of Commercial Banks in th || 2026-07-01=3.2000000000
credit	H8B1023NCBCMG	OK	Commercial and Industrial Loans, All Commercial Banks	M	% Chg. at Annual Rate	SA	1947-02-01	2026-07-01 / upd 2026-08-14	H.8 Assets and Liabilities of Commercial Banks in th || 2026-07-01=-1.1000000000
credit	DRTSCILM	OK	Net Percentage of Domestic Banks Tightening Standards for Commercial and Industrial Loans 	Q	%	NSA	1990-04-01	2026-07-01 / upd 2026-08-03	Senior Loan Officer Opinion Survey on Bank Lending P || 2026-07-01=0.0000000000
credit	DRTSCIS	OK	Net Percentage of Domestic Banks Tightening Standards for Commercial and Industrial Loans 	Q	%	NSA	1990-04-01	2026-07-01 / upd 2026-08-03	Senior Loan Officer Opinion Survey on Bank Lending P || 2026-07-01=1.8000000000
credit	DRTSCLCC	OK	Net Percentage of Domestic Banks Tightening Standards for Credit Card Loans	Q	%	NSA	1996-01-01	2026-07-01 / upd 2026-08-03	Senior Loan Officer Opinion Survey on Bank Lending P || 2026-07-01=6.7000000000
credit	DRTSDCILM	MISSING							
credit	DRTSDCIS	MISSING							
credit	DRSDCILM	OK	Net Percentage of Domestic Banks Reporting Stronger Demand for Commercial and Industrial L	Q	%	NSA	1991-10-01	2026-07-01 / upd 2026-08-03	Senior Loan Officer Opinion Survey on Bank Lending P || 2026-07-01=16.1000000000
credit	DRTSSP	OK	Net Percentage of Domestic Banks Tightening Standards for Subprime Mortgage Loans	Q	%	NSA	2007-04-01	2026-07-01 / upd 2026-08-03	Senior Loan Officer Opinion Survey on Bank Lending P || 2026-07-01=9.1000000000
credit	TOTALSL	OK	Total Consumer Credit Owned and Securitized	M	Mil. of U.S. $	SA	1943-01-01	2026-06-01 / upd 2026-08-07	G.19 Consumer Credit || 2026-06-01=5166907.7100000000
credit	REVOLSL	OK	Revolving Consumer Credit Owned and Securitized	M	Mil. of U.S. $	SA	1968-01-01	2026-06-01 / upd 2026-08-07	G.19 Consumer Credit || 2026-06-01=1351069.1399999999
credit	NONREVSL	OK	Nonrevolving Consumer Credit Owned and Securitized	M	Mil. of U.S. $	SA	1943-01-01	2026-06-01 / upd 2026-08-07	G.19 Consumer Credit || 2026-06-01=3815838.5699999998
credit	TERMCBAUTO48NS	OK	Finance Rate on Consumer Installment Loans at Commercial Banks, New Autos 48 Month Loan	M	%	NSA	1972-02-01	2026-05-01 / upd 2026-07-08	G.19 Consumer Credit || 2026-05-01=7.47
credit	TERMCBPER24NS	OK	Finance Rate on Personal Loans at Commercial Banks, 24 Month Loan	M	%	NSA	1972-02-01	2026-05-01 / upd 2026-07-08	G.19 Consumer Credit || 2026-05-01=11.86
credit	TERMCBCCALLNS	OK	Commercial Bank Interest Rate on Credit Card Plans, All Accounts	M	%	NSA	1994-11-01	2026-05-01 / upd 2026-07-08	G.19 Consumer Credit || 2026-05-01=20.94
credit	RIFLPBCIANM60NM	OK	Finance Rate on Consumer Installment Loans at Commercial Banks, New Autos 60 Month Loan	M	%	NSA	2006-08-01	2026-05-01 / upd 2026-07-08	G.19 Consumer Credit || 2026-05-01=7.14
credit	DRCCLACBS	OK	Delinquency Rate on Credit Card Loans, All Commercial Banks	Q	%	SA	1991-01-01	2026-01-01 / upd 2026-05-19	Charge-Off and Delinquency Rates on Loans and Leases || 2026-01-01=2.92
credit	DRALACBN	OK	Delinquency Rate on All Loans, All Commercial Banks	Q	%	NSA	1985-01-01	2026-01-01 / upd 2026-05-19	Charge-Off and Delinquency Rates on Loans and Leases || 2026-01-01=1.49
credit	DRBLACBS	OK	Delinquency Rate on Business Loans, All Commercial Banks	Q	%	SA	1987-01-01	2026-01-01 / upd 2026-05-19	Charge-Off and Delinquency Rates on Loans and Leases || 2026-01-01=1.34
credit	DRSFRMACBS	OK	Delinquency Rate on Single-Family Residential Mortgages, Booked in Domestic Offices, All C	Q	%	SA	1991-01-01	2026-01-01 / upd 2026-05-19	Charge-Off and Delinquency Rates on Loans and Leases || 2026-01-01=1.89
credit	DRCLACBS	OK	Delinquency Rate on Consumer Loans, All Commercial Banks	Q	%	SA	1987-01-01	2026-01-01 / upd 2026-05-19	Charge-Off and Delinquency Rates on Loans and Leases || 2026-01-01=2.64
credit	CORCACBS	OK	Charge-Off Rate on Consumer Loans, All Commercial Banks	Q	%	SA	1985-01-01	2026-01-01 / upd 2026-05-19	Charge-Off and Delinquency Rates on Loans and Leases || 2026-01-01=2.64
credit	CORBLACBS	OK	Charge-Off Rate on Business Loans, All Commercial Banks	Q	%	SA	1985-01-01	2026-01-01 / upd 2026-05-19	Charge-Off and Delinquency Rates on Loans and Leases || 
credit	NPTLTL	OK	Nonperforming Total Loans (past due 90+ days plus nonaccrual) to Total Loans (DISCONTINUED	Q	%	NSA	1988-01-01	2020-07-01 / upd 2020-12-10	Reports of Condition and Income for All Insured U.S. || 2020-07-01=1.06
credit	TDSP	OK	Household Debt Service Payments as a Percent of Disposable Personal Income	Q	%	SA	2005-01-01	2026-01-01 / upd 2026-06-22	Household Debt Service Ratios || 
credit	CDSP	OK	Consumer Debt Service Payments as a Percent of Disposable Personal Income	Q	%	SA	2005-01-01	2026-01-01 / upd 2026-06-22	? || 2026-01-01=5.287795
credit	FODSP	OK	Household Financial Obligations as a Percent of Disposable Personal Income (DISCONTINUED)	Q	%	SA	1980-01-01	2023-07-01 / upd 2024-07-26	? || 2023-07-01=14.198002
credit	HDTGPDUSQ163N	MISSING							
credit	BOGZ1FL194090005Q	MISSING							
credit	MDOAH	OK	Mortgage Debt Outstanding, All holders (DISCONTINUED)	Q	Mil. of $	NSA	1949-10-01	2019-07-01 / upd 2019-12-12	Z.1 Financial Accounts of the United States || 2019-07-01=15841071.29
credit	ASTMA	OK	All Sectors; Total Mortgages; Asset, Level	Q	Mil. of U.S. $	NSA	1945-10-01	2026-01-01 / upd 2026-06-11	Z.1 Financial Accounts of the United States || 2026-01-01=21677680.0
credit	MORTGAGE30US	OK	30-Year Fixed Rate Mortgage Average in the United States	W	%	NSA	1971-04-02	2026-08-13 / upd 2026-08-13	Primary Mortgage Market Survey || 2026-08-13=6.67
credit	NCBDBIQ027S	OK	Nonfinancial Corporate Business; Debt Securities; Liability, Level	Q	Mil. of U.S. $	NSA	1945-10-01	2026-01-01 / upd 2026-06-11	Z.1 Financial Accounts of the United States || 2026-01-01=8982885.0
credit	TODNS	OK	Domestic Nonfinancial Sectors; Debt Securities and Loans; Liability, Level	Q	Mil. of U.S. $	SA	1945-10-01	2026-01-01 / upd 2026-06-11	Z.1 Financial Accounts of the United States || 2026-01-01=81855284.0
credit	BCNSDODNS	OK	Nonfinancial Corporate Business; Debt Securities and Loans; Liability, Level	Q	Mil. of U.S. $	SA	1945-10-01	2026-01-01 / upd 2026-06-11	Z.1 Financial Accounts of the United States || 2026-01-01=14453810.0
credit	CMDEBT	OK	Households and Nonprofit Organizations; Debt Securities and Loans; Liability, Level	Q	Mil. of U.S. $	SA	1945-10-01	2026-01-01 / upd 2026-06-11	Z.1 Financial Accounts of the United States || 2026-01-01=21069282.0
credit	DRIWCIL	OK	Net Percentage of Domestic Banks Reporting Increased Willingness to Make Consumer Installm	Q	%	NSA	1982-04-01	2026-07-01 / upd 2026-08-03	Senior Loan Officer Opinion Survey on Bank Lending P || 2026-07-01=-2.0000000000
credit	QBPBSTLKTLNS	MISSING							
credit	TOTCI	OK	Commercial and Industrial Loans, All Commercial Banks	W	Bil. of U.S. $	SA	1973-01-03	2026-08-05 / upd 2026-08-14	H.8 Assets and Liabilities of Commercial Banks in th || 2026-08-05=2921.5893000000
external_sector	DTWEXBGS	OK	Nominal Broad U.S. Dollar Index	D	Index Jan 2006=100	NSA	2006-01-02	2026-08-07 / upd 2026-08-10	H.10 Foreign Exchange Rates || 2026-08-07=119.0649000000
external_sector	DTWEXAFEGS	OK	Nominal Advanced Foreign Economies U.S. Dollar Index	D	Index Jan 2006=100	NSA	2006-01-02	2026-08-07 / upd 2026-08-10	H.10 Foreign Exchange Rates || 2026-08-07=112.3595000000
external_sector	DTWEXEMEGS	OK	Nominal Emerging Market Economies U.S. Dollar Index	D	Index Jan 2006=100	NSA	2006-01-02	2026-08-07 / upd 2026-08-10	H.10 Foreign Exchange Rates || 2026-08-07=127.5866000000
external_sector	RBUSBIS	OK	Real Broad Effective Exchange Rate for United States	M	Index 2020=100	NSA	1994-01-01	2026-06-01 / upd 2026-07-23	BIS Effective Exchange Rate Indices || 2026-06-01=107.84
external_sector	RNUSBIS	OK	Real Narrow Effective Exchange Rate for United States	M	Index 2020=100	NSA	1964-01-01	2026-06-01 / upd 2026-07-23	BIS Effective Exchange Rate Indices || 2026-06-01=103.97
external_sector	BOPGEXP	OK	Exports of Goods, Balance of Payments Basis	M	Mil. of $	SA	1992-01-01	2026-06-01 / upd 2026-08-04	U.S. International Trade in Goods and Services || 2026-06-01=206902.0
external_sector	BOPGIMP	OK	Imports of Goods: Balance of Payments Basis	M	Mil. of $	SA	1992-01-01	2026-06-01 / upd 2026-08-04	U.S. International Trade in Goods and Services || 2026-06-01=309011.0
external_sector	BOPSEXP	OK	Exports of Services, Balance of Payments Basis	M	Mil. of $	SA	1992-01-01	2026-06-01 / upd 2026-08-04	U.S. International Trade in Goods and Services || 2026-06-01=107826.0
external_sector	BOPSIMP	OK	Imports of Services, Balance of Payments Basis	M	Mil. of $	SA	1992-01-01	2026-06-01 / upd 2026-08-04	U.S. International Trade in Goods and Services || 2026-06-01=78978.0
external_sector	BOPGTB	OK	Trade Balance: Goods, Balance of Payments Basis	M	Mil. of $	SA	1992-01-01	2026-06-01 / upd 2026-08-04	U.S. International Trade in Goods and Services || 2026-06-01=-102109.0
external_sector	BOPTEXP	OK	Exports of Goods and Services, Balance of Payments Basis	M	Mil. of $	SA	1992-01-01	2026-06-01 / upd 2026-08-04	U.S. International Trade in Goods and Services || 2026-06-01=314728.0
external_sector	BOPTIMP	OK	Imports of Goods and Services: Balance of Payments Basis	M	Mil. of $	SA	1992-01-01	2026-06-01 / upd 2026-08-04	U.S. International Trade in Goods and Services || 2026-06-01=387989.0
external_sector	IEABCSN	OK	Balance on services	Q	Mil. of $	NSA	1999-01-01	2026-01-01 / upd 2026-06-24	U.S. International Transactions || 2026-01-01=82787
external_sector	IIPUSNETIQ	OK	U.S. Net International Investment Position	Q	Mil. of $	NSA	2006-01-01	2026-01-01 / upd 2026-06-24	U.S. International Investment Position || 2026-01-01=-21270237.0
external_sector	IEAXGS	OK	Exports of goods and services	Q	Mil. of $	SA	1999-01-01	2026-01-01 / upd 2026-06-24	U.S. International Transactions || 2026-01-01=930385
external_sector	IEAMGS	OK	Imports of goods and services	Q	Mil. of $	SA	1999-01-01	2026-01-01 / upd 2026-06-24	U.S. International Transactions || 2026-01-01=1096134
external_sector	TRESEGUSM052N	OK	Total Reserves excluding Gold for United States	M	Mil. of $	NSA	1950-12-01	2026-06-01 / upd 2026-07-27	International Financial Statistics || 2026-06-01=240220.5905354001
external_sector	EXUSEU	OK	U.S. Dollars to Euro Spot Exchange Rate	M	U.S. $ to  1 Euro	NSA	1999-01-01	2026-07-01 / upd 2026-08-03	G.5 Foreign Exchange Rates || 2026-07-01=1.1423000000
external_sector	DEXJPUS	OK	Japanese Yen to U.S. Dollar Spot Exchange Rate	D	Japanese Yen to  1 U.S. $	NSA	1971-01-04	2026-08-07 / upd 2026-08-10	H.10 Foreign Exchange Rates || 2026-08-07=157.5400000000
external_sector	DEXCHUS	OK	Chinese Yuan Renminbi to U.S. Dollar Spot Exchange Rate	D	Chinese Yuan Renminbi to  1 	NSA	1981-01-02	2026-08-07 / upd 2026-08-10	H.10 Foreign Exchange Rates || 2026-08-07=6.7474000000
external_sector	DEXBZUS	OK	Brazilian Reals to U.S. Dollar Spot Exchange Rate	D	Brazilian Reals to  1 U.S. $	NSA	1995-01-02	2026-08-07 / upd 2026-08-10	H.10 Foreign Exchange Rates || 2026-08-07=5.0882000000
external_sector	DEXUSUK	OK	U.S. Dollars to U.K. Pound Sterling Spot Exchange Rate	D	U.S. $ to  1 U.K. Pound Ster	NSA	1971-01-04	2026-08-07 / upd 2026-08-10	H.10 Foreign Exchange Rates || 2026-08-07=1.3498000000
external_sector	DEXCAUS	OK	Canadian Dollars to U.S. Dollar Spot Exchange Rate	D	Canadian $ to  1 U.S. $	NSA	1971-01-04	2026-08-07 / upd 2026-08-10	H.10 Foreign Exchange Rates || 2026-08-07=1.3933000000
external_sector	DEXMXUS	OK	Mexican Pesos to U.S. Dollar Spot Exchange Rate	D	Mexican Pesos to  1 U.S. $	NSA	1993-11-08	2026-08-07 / upd 2026-08-10	H.10 Foreign Exchange Rates || 2026-08-07=17.1357000000
external_sector	DEXKOUS	OK	South Korean Won to U.S. Dollar Spot Exchange Rate	D	South Korean Won to  1 U.S. 	NSA	1981-04-13	2026-08-07 / upd 2026-08-10	H.10 Foreign Exchange Rates || 2026-08-07=1409.9400000000
external_sector	IMPCH	OK	U.S. Imports of Goods by Customs Basis from China	M	Mil. of $	NSA	1985-01-01	2026-06-01 / upd 2026-08-04	U.S. International Trade in Goods and Services || 2026-06-01=25149.961532
external_sector	EXPCH	OK	U.S. Exports of Goods by F.A.S. Basis to Mainland China	M	Mil. of $	NSA	1985-01-01	2026-06-01 / upd 2026-08-04	U.S. International Trade in Goods and Services || 2026-06-01=9571.187957
external_sector	IMPMX	OK	U.S. Imports of Goods by Customs Basis from Mexico	M	Mil. of $	NSA	1985-01-01	2026-06-01 / upd 2026-08-04	U.S. International Trade in Goods and Services || 2026-06-01=55254.581232
external_sector	EXPMX	OK	U.S. Exports of Goods by F.A.S. Basis to Mexico	M	Mil. of $	NSA	1985-01-01	2026-06-01 / upd 2026-08-04	U.S. International Trade in Goods and Services || 2026-06-01=33912.953223
external_sector	XTEXVA01USM667S	OK	International Merchandise Trade Statistics: Exports: Commodities for United States	M	US $, exchange rate converte	SA	1955-01-01	2026-04-01 / upd 2026-06-15	Main Economic Indicators || 2026-04-01=219520000000.0
housing	HOUST	OK	New Privately-Owned Housing Units Started: Total Units	M	Thous. of Units	SAAR	1959-01-01	2026-06-01 / upd 2026-07-17	New Residential Construction || 2026-06-01=1427.0
housing	HOUST1F	OK	New Privately-Owned Housing Units Started: Single-Family Units	M	Thous. of Units	SAAR	1959-01-01	2026-06-01 / upd 2026-07-17	New Residential Construction || 2026-06-01=895.0
housing	HOUST5F	OK	New Privately-Owned Housing Units Started: Units in Buildings with 5 Units or More	M	Thous. of Units	SAAR	1959-01-01	2026-06-01 / upd 2026-07-17	New Residential Construction || 2026-06-01=513.0
housing	PERMIT	OK	New Privately-Owned Housing Units Authorized in Permit-Issuing Places: Total Units	M	Thous. of Units	SAAR	1960-01-01	2026-06-01 / upd 2026-07-24	New Residential Construction || 2026-06-01=1374.0
housing	PERMIT1	OK	New Privately-Owned Housing Units Authorized in Permit-Issuing Places: Single-Family Units	M	Thous. of Units	SAAR	1960-01-01	2026-06-01 / upd 2026-07-24	New Residential Construction || 2026-06-01=872.0
housing	COMPUTSA	OK	New Privately-Owned Housing Units Completed: Total Units	M	Thous. of Units	SAAR	1968-01-01	2026-06-01 / upd 2026-07-17	New Residential Construction || 2026-06-01=1392.0
housing	UNDCONTSA	OK	New Privately-Owned Housing Units Under Construction: Total Units	M	Thous. of Units	SA	1970-01-01	2026-06-01 / upd 2026-07-17	New Residential Construction || 2026-06-01=1264.0
housing	HOUSTNSA	OK	New Privately-Owned Housing Units Started: Total Units	M	Thous. of Units	NSA	1959-01-01	2026-06-01 / upd 2026-07-17	New Residential Construction || 2026-06-01=134.2
housing	HSN1F	OK	New One Family Houses Sold: United States	M	Thous.	SAAR	1963-01-01	2026-06-01 / upd 2026-07-24	New Residential Sales || 2026-06-01=628
housing	MSACSR	OK	Monthly Supply of New Houses in the United States	M	Months' Supply	SA	1963-01-01	2026-06-01 / upd 2026-07-24	New Residential Sales || 2026-06-01=9.3
housing	HNFSEPUSSA	OK	New One Family Homes for Sale in the United States	M	Thous. of Units	SA	1963-01-01	2026-06-01 / upd 2026-07-24	New Residential Sales || 2026-06-01=485
housing	EXHOSLUSM495S	OK	Existing Home Sales	M	Number of Units	SAAR	2025-07-01	2026-07-01 / upd 2026-08-11	Existing Home Sales || 2026-07-01=4060000.0
housing	HOSSUPUSM673N	OK	Existing Home Sales: Months Supply	M	Months' Supply	NSA	2025-07-01	2026-07-01 / upd 2026-08-11	Existing Home Sales || 2026-07-01=4.6
housing	HSN1FNSA	OK	New One Family Houses Sold: United States	M	Thous. of Units	NSA	1963-01-01	2026-06-01 / upd 2026-07-24	New Residential Sales || 2026-06-01=54
housing	CSUSHPINSA	OK	S&P Cotality Case-Shiller U.S. National Home Price Index	M	Index Jan 2000=100	NSA	1987-01-01	2026-05-01 / upd 2026-07-28	S&P Cotality Case-Shiller Home Price Indices || 2026-05-01=335.1040000000
housing	CSUSHPISA	OK	S&P Cotality Case-Shiller U.S. National Home Price Index	M	Index Jan 2000=100	SA	1987-01-01	2026-05-01 / upd 2026-07-28	S&P Cotality Case-Shiller Home Price Indices || 2026-05-01=331.0200000000
housing	SPCS20RSA	OK	S&P Cotality Case-Shiller 20-City Composite Home Price Index	M	Index Jan 2000=100	SA	2000-01-01	2026-05-01 / upd 2026-07-28	S&P Cotality Case-Shiller Home Price Indices || 2026-05-01=343.0373648682
housing	USSTHPI	OK	All-Transactions House Price Index for the United States	Q	Index 1980 Q1=100	NSA	1975-01-01	2026-01-01 / upd 2026-05-26	House Price Index || 2026-01-01=713.09
housing	MSPUS	OK	Median Sales Price of New Houses Sold for the United States	Q	$	NSA	1963-01-01	2026-04-01 / upd 2026-07-24	New Residential Sales || 2026-04-01=410700.0
housing	ASPUS	OK	Average Sales Price of Houses Sold for the United States	Q	$	NSA	1963-01-01	2026-04-01 / upd 2026-07-24	New Residential Sales || 2026-04-01=502700.0
housing	ATNHPIUS100S	MISSING							
housing	MORTGAGE15US	OK	15-Year Fixed Rate Mortgage Average in the United States	W	%	NSA	1991-08-30	2026-08-13 / upd 2026-08-13	Primary Mortgage Market Survey || 2026-08-13=5.96
housing	MDSP	OK	Mortgage Debt Service Payments as a Percent of Disposable Personal Income	Q	%	SA	2005-01-01	2026-01-01 / upd 2026-06-22	Household Debt Service Ratios || 2026-01-01=5.876343
housing	MORTGAGE5US	OK	5/1-Year Adjustable Rate Mortgage Average in the United States (DISCONTINUED)	W	%	NSA	2005-01-06	2022-11-10 / upd 2022-11-10	Primary Mortgage Market Survey || 2022-11-10=6.06
housing	RHORUSQ156N	OK	Homeownership Rate in the United States	Q	%	NSA	1965-01-01	2026-04-01 / upd 2026-07-28	Housing Vacancies and Homeownership || 2026-04-01=65.0
housing	RRVRUSQ156N	OK	Rental Vacancy Rate in the United States	Q	%	NSA	1956-01-01	2026-04-01 / upd 2026-07-28	Housing Vacancies and Homeownership || 2026-04-01=7.3
housing	RHVRUSQ156N	OK	Homeowner Vacancy Rate in the United States	Q	%	NSA	1956-01-01	2026-04-01 / upd 2026-07-28	Housing Vacancies and Homeownership || 2026-04-01=1.2
housing	PRRESCONS	OK	Total Private Construction Spending: Residential in the United States	M	Mil. of $	SAAR	1993-01-01	2026-06-01 / upd 2026-08-03	Construction Spending || 2026-06-01=877118.0
housing	TLRESCONS	OK	Total Construction Spending: Residential in the United States	M	Mil. of $	SAAR	2002-01-01	2026-06-01 / upd 2026-08-03	Construction Spending || 2026-06-01=889365.0
housing	PERMITNSA	OK	New Privately-Owned Housing Units Authorized in Permit-Issuing Places: Total Units	M	Thous. of Units	NSA	1959-01-01	2026-06-01 / upd 2026-07-24	New Residential Construction || 2026-06-01=130.5
housing	CUSR0000SEHC	OK	Consumer Price Index for All Urban Consumers: Owners' Equivalent Rent of Residences in U.S	M	Index Dec 1982=100	SA	1983-01-01	2026-07-01 / upd 2026-08-12	Consumer Price Index || 2026-07-01=442.888
housing	RENTSMOO	MISSING							
housing	ZORI	MISSING							
