,persistencia,ancora_real,meta,desvio_expectativa,total,residuo
2001Q4,,2.1355911296615155,0.6962886568452777,0.30256108965761774,19.0,15.865559123835588
2002Q1,,2.113070171580767,0.609252574739618,0.3530762230414854,18.75,15.67460103063813
2002Q2,15.321425744134658,2.0906529089984844,0.609252574739618,0.3077366607705776,18.5,0.17093211135666309
2002Q3,15.114943785187485,2.0675020800968382,0.609252574739618,0.45535488500839744,18.0,-0.24705332503233635
2002Q4,14.537258690390042,2.0463083383102862,0.609252574739618,1.7922338332752814,22.666666666666668,3.681613229951438
2003Q1,21.795826246734723,2.0040965131265995,0.6962886568452777,1.9131703853266744,26.166666666666668,-0.2427151353666055
2003Q2,23.917874846447283,1.9640058355152845,0.6962886568452777,1.2722205041643482,26.33333333333333,-1.5170565096388664
2003Q3,21.859247127037317,1.9334799283494692,0.6962886568452777,0.7692208462125044,22.166666666666668,-3.0915698917779046
2003Q4,15.562714078264005,1.921872779393008,0.6962886568452777,0.6018056625166082,17.666666666666668,-1.1160145103522296
2004Q1,11.626410581344134,1.9175953656862692,0.9573969031622569,0.04276209575297863,16.416666666666668,1.8725017207210293
2004Q2,12.735376086348648,1.9029222342789351,0.9573969031622569,0.07135248998189361,16.0,0.3329522862282648
2004Q3,12.94031007778038,1.8866255317428426,0.9573969031622569,0.2035452050512189,16.083333333333332,0.0954556155966344
2004Q4,13.338579751235645,1.8695922169113033,0.9573969031622569,0.17389918939544616,17.25,0.9105319392953497
2005Q1,15.015953992902563,1.8463939886920768,0.7833247389509375,0.3120477257649789,18.75,0.7922795536894398
2005Q2,16.474473982456395,1.8171056116219662,0.7833247389509375,0.24208617313952085,19.666666666666668,0.3496761604978502
2005Q3,16.847225085822103,1.7838569043702737,0.7833247389509375,0.1205273227956485,19.666666666666668,0.13173261472770292
2005Q4,16.243247437177384,1.747686555089113,0.7833247389509375,0.032501864626546646,18.5,-0.30676059584398274
2006Q1,14.510966136542766,1.7111914498293204,0.7833247389509375,-0.008113057420315298,17.0,0.0026307320972875914
2006Q2,13.05244614698894,1.6727792066742193,0.7833247389509375,-0.08547603599272195,15.583333333333334,0.16025927671195817
2006Q3,11.937288771922676,1.6318744032102548,0.7833247389509375,-0.030660013333023182,14.416666666666666,0.09483876591582074
2006Q4,11.138427473738986,1.5892942391397136,0.7833247389509375,-0.11552507625157182,13.416666666666666,0.02114529108860097
2007Q1,10.422313755885709,1.5459329607215024,0.7833247389509375,-0.1766755877440111,12.916666666666666,0.3417707988525276
2007Q2,10.33879219179758,1.500319996622504,0.7833247389509375,-0.29379600954696006,12.333333333333334,0.00469241550927002
2007Q3,9.80209389528648,1.45478916099409,0.7833247389509375,-0.24344417772208796,11.416666666666666,-0.38009695084275563
2007Q4,8.82536514327605,1.4118549460715313,0.7833247389509375,-0.15995086731664845,11.25,0.3894060390181302
2008Q1,9.181874034687254,1.3670765484068248,0.7833247389509375,-0.06308372233829049,11.25,-0.019191599706726237
2008Q2,9.291688152622656,1.3228368310174947,0.7833247389509375,0.04827900882573002,11.916666666666666,0.4705379352498458
2008Q3,10.281563181556722,1.2761426381859955,0.7833247389509375,0.2287233656590904,13.25,0.6802460756472541
2008Q4,11.822056767683243,1.225752509961954,0.7833247389509375,0.22220954112718533,13.75,-0.3033435577233199
2009Q1,11.68595009590057,1.1776517584848227,0.7833247389509375,0.027352331517670962,12.25,-1.4242789248540006
2009Q2,9.129288926992707,1.13875285086723,0.7833247389509375,-0.11778838537363241,9.916666666666666,-1.0169114647705761
2009Q3,6.6530533871421,1.1068537375918008,0.7833247389509375,-0.11523984744240863,8.75,0.32200798375757067
2009Q4,6.458169737603131,1.0740869169523575,0.7833247389509375,-0.043502773408931675,8.75,0.4779213799025044
2010Q1,7.226868563150955,1.039408827897076,0.7833247389509375,0.004911862350004184,8.75,-0.3045139923489728
2010Q2,7.226868563150955,1.0072772561585424,0.7833247389509375,0.07495327964897443,9.75,0.6575761620905904
2010Q3,8.711681106552057,0.9719147749455761,0.7833247389509375,0.14877238344329755,10.75,0.13430699610813157
2010Q4,9.537608942340736,0.9364096219337822,0.7833247389509375,0.22203666342264997,10.75,-0.7293799666481053
2011Q1,8.878724234728317,0.905935623714513,0.7833247389509375,0.2652739650787663,11.416666666666666,0.5834081041941328
2011Q2,9.868599263662382,0.8729219981010555,0.7833247389509375,0.2081351185195608,12.083333333333334,0.3503522140993969
2011Q3,10.41921782085484,0.8390658608281072,0.7833247389509375,0.28959095780821725,12.333333333333334,0.002133954891231582
2011Q4,10.351164484963498,0.8069302255336961,0.7833247389509375,0.3080096529696481,11.333333333333334,-0.9160957690844462
2012Q1,8.701630764659294,0.7825846687933187,0.7833247389509375,0.24451076501225877,10.25,-0.2620509374158093
2012Q2,7.751968550253853,0.7627582692488205,0.7833247389509375,0.2927062968845539,8.666666666666666,-0.9240911886714986
2012Q3,6.1148071231155665,0.7518528144227771,0.7833247389509375,0.3195893305955691,7.666666666666667,-0.3029073404181828
2012Q4,5.673228700100799,0.7465120513188007,0.7833247389509375,0.27309146896124464,7.25,-0.2261569593317816
2013Q1,5.713441514629426,0.746325976554686,0.7833247389509375,0.2971267399890099,7.25,-0.29021897012405873
2013Q2,5.987976809467934,0.7514103929514537,0.7833247389509375,0.31981299336748364,7.833333333333333,-0.009191601404475946
2013Q3,6.854117459785243,0.7595488927619269,0.7833247389509375,0.43296767875688497,8.833333333333334,0.003374563078340387
2013Q4,7.954580590412434,0.7699078090900892,0.7833247389509375,0.48298700644221954,9.833333333333334,-0.15746681156234565
2014Q1,8.780508426201113,0.782533373885006,0.7833247389509375,0.4583923304871658,10.666666666666666,-0.13809220285755686
2014Q2,9.358967504756276,0.7963276718060209,0.7833247389509375,0.43055844383714154,11.0,-0.369178359350375
2014Q3,9.304834429546293,0.8116904632332451,0.7833247389509375,0.48063507019897234,11.0,-0.38048470192944706
2014Q4,9.085206193675486,0.827791245921972,0.7833247389509375,0.5834751648348769,11.416666666666666,0.13686932328339374
2015Q1,9.703878086759278,0.8407236734658649,0.7833247389509375,0.5992953622137597,12.416666666666666,0.48944480527682543
2015Q2,10.914155335321873,0.8476132897566675,0.7833247389509375,0.43985245789156147,13.416666666666666,0.43172084474562666
2015Q3,11.74008317111055,0.8481237671605113,0.7833247389509375,0.3701684668238305,14.25,0.5082998559541707
2015Q4,12.318542249665715,0.8413456317582823,0.7833247389509375,0.6556189677416803,14.25,-0.3488315881166155
2016Q1,11.769471659988698,0.8321247153205271,0.7833247389509375,0.6587674210594001,14.25,0.2063114646804376
2016Q2,11.769471659988698,0.817212117019537,0.7833247389509375,0.47130335864681744,14.25,0.40868812539400956
2016Q3,11.769471659988698,0.7957364363062761,0.7833247389509375,0.27517467885365693,14.25,0.6262924859004304
2016Q4,11.769471659988698,0.7669271661458935,0.7833247389509375,0.1260276383478334,13.916666666666666,0.47091546323330213
2017Q1,11.274534145521665,0.7324300626491143,0.7833247389509375,0.04900473188937526,12.5,-0.3392936790110923
2017Q2,9.390677944907578,0.6979409000095399,0.7833247389509375,0.0234517349456088,10.916666666666666,0.021271347853002
2017Q3,7.973144753640096,0.662298018777595,0.7833247389509375,-0.056730204310803375,8.916666666666666,-0.44537064039115926
2017Q4,6.046753787224228,0.6292069226742538,0.7833247389509375,-0.15414579786631136,7.333333333333333,0.028193682350226013
2018Q1,5.013570008730659,0.5967549404319121,0.7833247389509375,-0.14759664806630574,6.75,0.5039469599527973
2018Q2,5.190663478799682,0.562941134880788,0.7833247389509375,-0.09054918109340321,6.5,0.0536198284619962
2018Q3,5.203809755723319,0.5311584254545352,0.7833247389509375,-0.2109482354469677,6.5,0.19265531531817626
2018Q4,5.368530932626424,0.5012594889345507,0.7833247389509375,-0.18705154744257352,6.5,0.03393638693066148
2019Q1,5.368530932626424,0.4749055764128892,0.7398066978981076,-0.07160724818094498,6.5,-0.01163595875647605
2019Q2,5.368530932626424,0.4531661549138212,0.7398066978981076,-0.1819346358104062,6.5,0.12043085037205348
2019Q3,5.368530932626424,0.43605087747356286,0.7398066978981076,-0.19080308787322842,6.0,-0.35358542012486627
2019Q4,4.626124660925873,0.42716913163884535,0.7398066978981076,-0.17849819139539969,4.833333333333333,-0.7812689657340943
2020Q1,3.2232857140974653,0.4297453946921004,0.6962886568452777,-0.13881991742825242,4.166666666666667,-0.04383318153992466
2020Q2,3.002109510711223,0.4399289238216863,0.6962886568452777,-0.27453458095465194,3.0,-0.8637925104235351
2020Q3,1.7090846818182177,0.4628537404237784,0.6962886568452777,-0.27061027705299695,2.083333333333333,-0.5142834687009437
2020Q4,1.116705342581699,0.4964348802083444,0.6962886568452777,-0.11064531757705753,2.0,-0.19878356205826408
2021Q1,1.5969486126096597,0.5384124067593717,0.6527706157924479,-0.0013936205530306937,2.25,-0.5367380146084488
2021Q2,2.0230588074276366,0.5899560827964547,0.6527706157924479,0.10044687049190798,3.5,0.13376762349155236
2021Q3,3.7143533097759067,0.645968670460936,0.6527706157924479,0.21244578856250595,5.25,0.024461615408204018
2021Q4,5.489169376212309,0.7057814577685871,0.6527706157924479,0.38808530409477165,8.25,1.0141932461318843
2022Q1,8.790558768093874,0.7621612543485959,0.609252574739618,0.5220069518248392,10.583333333333334,-0.10064621567359211
2022Q2,10.27846724652585,0.8204485513882761,0.609252574739618,0.6376193060606409,12.583333333333334,0.23754565461895005
2022Q3,11.710694682232404,0.8776439321358515,0.609252574739618,0.5708521082907148,13.583333333333334,-0.18510996406525493
2022Q4,11.877737810408666,0.9354252694380275,0.609252574739618,0.5019922467332384,13.75,-0.1744079013195492
2023Q1,11.466321860029762,0.9931043327517476,0.5657345336867882,0.6583424371894997,13.75,0.06649683634220338
2023Q2,11.356507742094358,1.0487923815125164,0.5657345336867882,0.45671892640223777,13.75,0.32224641630410034
2023Q3,11.356507742094358,1.1006615597277973,0.5657345336867882,0.2622092074392634,13.25,-0.03511304294820583
2023Q4,10.614101470393805,1.150612184255078,0.5657345336867882,0.20063850122963153,12.25,-0.2810866895653028
2024Q1,9.458731280798919,1.199894485658589,0.5222164926339583,0.20443122945204656,11.25,-0.13527348854351295
2024Q2,8.632803445010236,1.2473757786062842,0.5222164926339583,0.17034063455453569,10.583333333333334,0.010596982528319643
2024Q3,8.30181312368859,1.2917907926905412,0.5222164926339583,0.23601144721711276,10.583333333333334,0.23150147710313185
2024Q4,8.741069595430202,1.3313493212135246,0.5222164926339583,0.3779491112637237,11.416666666666666,0.44408214612525576
2025Q1,9.978413381597786,1.3642597036860236,0.5222164926339583,0.7003347785290097,13.583333333333334,1.0181089768865554
2025Q2,12.64643663595649,1.386701126710572,0.5222164926339583,0.552695272055925,14.666666666666666,-0.441382860690279
2025Q3,12.827400024814104,1.407079477433268,0.5222164926339583,0.4240461767825,15.0,-0.18074217166383022
2025Q4,12.608545772701016,1.4238349655682374,0.5222164926339583,0.31973895880435005,15.0,0.125663810292437
2026Q1,12.388917536830208,1.4352991393121952,0.5222164926339583,0.2934312859033304,14.916666666666666,0.27680221198697375
2026Q2,12.265183158213448,1.4408136481494123,0.5222164926339583,0.30718690825900413,14.416666666666666,-0.1187335405891563
2026Q3,11.5776839454806,,0.5222164926339583,0.34805563137962764,14.25,1.8020439305058122
