,h,h_l1,s_h,rr_IS,rr_TAY,rr_IS_total,rr_TAY_total,r_hat
2001Q4,-0.9380707582923393,0.0700369462421695,0.34622186011000045,0.07625727289210019,1.0292411557432848,11.315440189069696,12.26842407192088,0.8768692553934583
2002Q1,-0.3912764226965907,-0.9380707582923402,0.2923214175780636,0.07291421321970978,1.0430623432899744,11.16889880574855,12.139046935818815,0.5516220591429923
2002Q2,-0.21587973204524397,-0.3912764226965912,0.15910305784294296,0.06713712641271499,1.0568835308366642,11.020519099372983,12.010265503796932,0.40998555605980747
2002Q3,-0.22518002593861844,-0.21587973204524413,-0.01848631909998144,0.05968111958822116,1.0649088244291478,10.872042216310511,11.877269921151438,-0.15430861748862024
2002Q4,-0.43157949844647847,-0.22518002593861838,-0.23213188872437232,0.05254360293486782,1.0813110979907936,10.726749807676734,11.75551730273266,-2.229527071387673
2003Q1,-0.740478717994582,-0.4315794984464785,-0.44895329819394064,0.05184122290186925,0.9728787825928769,10.591983618661635,11.513021178352643,-0.5520125680674914
2003Q2,-0.8611717165065339,-0.7404787179945822,-0.5496690236788658,0.06153253734007816,0.8726763496582395,10.471566691189041,11.282710503507204,1.2127892967374778
2003Q3,-1.0553774790096617,-0.8611717165065338,-0.4553992693807163,0.07938346327895862,0.8239136291487157,10.362816819270675,11.107346985140433,0.019819710296052784
2003Q4,-1.134663284123295,-1.0553774790096617,-0.20907036185974992,0.09967477847070028,0.8799785568940697,10.260363108787272,11.040666887210643,-1.5479456307011241
2004Q1,-0.769370293215565,-1.134663284123295,0.07963938762946304,0.11342928950015319,0.9738848340618258,10.155638696435725,11.016094240997397,-2.215538944413192
2004Q2,-0.17419059891347377,-0.7693702932155653,0.23441018003179317,0.11641829948604543,1.004299112469199,10.043920046164166,10.93180085914732,-1.954702983171523
2004Q3,0.2889857117530503,-0.17419059891347397,0.17298476575051336,0.11691952966668451,1.0234237851525618,9.931676221505978,10.838180476991855,-1.0598788224642237
2004Q4,0.4970871698576513,0.28898571175305027,0.06664914147395148,0.1220812898418341,1.039311789073453,9.823097946628703,10.740328445860323,-0.1752232445420073
2005Q1,0.5453152427973744,0.49708716985765117,0.06105395522643495,0.1262117567815001,1.0243258599446226,9.70894646311213,10.607060566275253,1.1662721722263365
2005Q2,0.46247750765746193,0.5453152427973745,0.03638861099883482,0.13016870539662667,0.9824756497932058,9.586499396955295,10.438806341351874,2.0288809144209106
2005Q3,0.2256799852877802,0.46247750765746204,0.009624701183228668,0.13941231645421545,0.9287687678410732,9.458444582468928,10.247801033855787,2.2176161767581566
2005Q4,0.0311983143659105,0.22567998528778016,0.0943311160824291,0.14943670824139482,0.8705951519370099,9.31885319749627,10.040011641191887,1.9188545732432332
2006Q1,-0.022986548808484275,0.031198314365910446,0.19944951494517354,0.15521649239056276,0.822823044963769,9.1627500560341,9.830356608607307,0.9588049780260701
2006Q2,0.0017442581121142053,-0.022986548808484275,0.223875455513943,0.16004713826333555,0.774961736235885,8.994773511859332,9.609688109831882,0.5394793578346722
2006Q3,0.1281621852351959,0.0017442581121142053,0.23787776186383872,0.16386638643870444,0.7216664235304682,8.816900453385268,9.374700490477032,0.09548810753191828
2006Q4,0.27758167552509017,0.1281621852351959,0.24074365892208108,0.17131822619056347,0.6651553579414465,8.636251221780178,9.13008835353106,-0.5151095880193681
2007Q1,0.5300522857795964,0.2775816755250902,0.33015503282086706,0.17614075234333496,0.6079273067386181,8.449202360321586,8.88098891471687,-0.8896223113052284
2007Q2,0.832680096105576,0.5300522857795964,0.3783633061020093,0.177851233912075,0.5391106354042557,8.257694716876516,8.618954118368698,-1.1055545565797678
2007Q3,1.1009490656282583,0.8326800961055761,0.3772764179093966,0.17883096860943354,0.470134855623476,8.066087242035232,8.357391129049276,-1.4862450962446805
2007Q4,1.3226306150828808,1.1009490656282583,0.3768740353153217,0.17889514832998446,0.4140472429747619,7.875592965993254,8.110745060638031,-1.3730122260231976
2008Q1,1.5213764093909132,1.322630615082881,0.37325664059086094,0.17130030575738467,0.34475581455753457,7.680049125905412,7.853504634705562,-0.8493030615659171
2008Q2,1.4957113058618199,1.521376409390913,0.22460495689768095,0.15132163997275505,0.2761151268105587,7.474565302150438,7.5993587889882415,0.7577922302511464
2008Q3,1.02309990895814,1.4957113058618199,-0.1746571130562971,0.13217902377856627,0.1915196371688792,7.271771997106039,7.331112610496351,1.554408182513564
2008Q4,0.11680095520129807,1.02309990895814,-0.5637792998154136,0.1345982448998697,0.08385865043643048,7.092373824241383,7.0416342297779435,0.9361323673061985
2009Q1,-1.4769018959289704,0.11680095520129852,-0.5238974635862794,0.1467310717883734,-0.013516690852913849,6.925555494756238,6.765307732114951,-1.0099563654825525
2009Q2,-1.57465740269578,-1.47690189592897,-0.30222192177218626,0.15951905569871244,-0.06259818294010755,6.7639607092859215,6.541843470647101,-1.6953586962923521
2009Q3,-1.0433605722697166,-1.57465740269578,-0.07962871813584549,0.17129647791223218,-0.07719866988527646,6.607086382683903,6.358591234886394,-1.6290229909079874
2009Q4,-0.3462471019896748,-1.0433605722697161,0.11835022157895903,0.18203765030671776,-0.10271766776121033,6.45510956062472,6.170354242556792,-0.5233273954761893
2010Q1,0.5428633315837352,-0.3462471019896749,0.2995902187934254,0.18924197918607522,-0.1444418222597218,6.304821304138408,5.971137502692611,0.37709631348257766
2010Q2,0.9012641290537002,0.5428633315837352,0.41926275517280065,0.19260012168350416,-0.17584064471138444,6.154990618993561,5.7865498525986725,0.7130545776238698
2010Q3,1.1215630028569463,0.9012641290537001,0.475955820014684,0.19471855034003072,-0.22953628238425616,6.007656287799521,5.583401455075235,0.5067711328291319
2010Q4,1.2715384722308878,1.1215630028569465,0.5268354130711885,0.1949494705034279,-0.2877859450473558,5.862168860159442,5.379433444608659,0.7402255650319709
2011Q1,1.4439604046920749,1.2715384722308878,0.5604553891082433,0.190923604673845,-0.321304099362128,5.716595833880839,5.204368129844866,1.130475880146232
2011Q2,1.5051662457418602,1.4439604046920747,0.5284713983151541,0.182856648618211,-0.37460420966571917,5.572174164435218,5.014713306151288,1.5283187591036762
2011Q3,1.4062154628676324,1.5051662457418604,0.4340552779022297,0.17514989077727627,-0.439783915110473,5.435152274645921,4.8202184687581715,1.1314062469146542
2011Q4,1.2213706072486563,1.4062154628676324,0.36565538734133995,0.169633978090861,-0.5050359777978448,5.310277430465182,4.635607474576476,-0.7244270881224156
2012Q1,1.1259107783942537,1.2213706072486565,0.35882232583287343,0.16566376447115294,-0.5392254514411305,5.200637702403666,4.495748486491382,-1.0416808018245889
2012Q2,1.2709674807275664,1.1259107783942537,0.3997125478970605,0.15768501968271842,-0.5645294123986632,5.104065331130641,4.38185089904926,-1.8487796231533393
2012Q3,1.4054987010780422,1.2709674807275664,0.3733818194803824,0.14784799062818343,-0.5584996789962148,5.0255495238050925,4.319201854180694,-2.6038015771931837
2012Q4,1.5586754280712518,1.4054987010780422,0.323882960848209,0.14241878826895493,-0.5421990912231032,4.973138417517615,4.288520538025557,-2.948795170514898
2013Q1,1.794517412154098,1.5586754280712518,0.38074936068794996,0.13661734413428317,-0.5182300686375438,4.942298998935047,4.28745158616322,-2.8515089008287235
2013Q2,2.0781301280805025,1.7945174121540983,0.445979290568013,0.1289830269844343,-0.4844204235908951,4.930063706716337,4.316660256141008,-1.9839866557727583
2013Q3,2.328963900717075,2.0781301280805025,0.4916606358697614,0.12031352087314096,-0.4502991135996852,4.934026487590966,4.36341385311814,-1.4403714567901456
2013Q4,2.4720974961521196,2.328963900717075,0.5364926539704906,0.10960728271685916,-0.41629222687036926,4.9488226838831455,4.422923174295917,-0.8490401937857629
2014Q1,2.531683351351269,2.472097496152119,0.5613406691769541,0.09229235136515701,-0.3769460218943026,4.9646921836402464,4.495453810380787,0.0857003164439058
2014Q2,2.4283107046716124,2.531683351351269,0.47121391168749316,0.07100959186414468,-0.33291744473367313,4.978625555536769,4.574698518938951,0.5444425204498129
2014Q3,2.0859003647708816,2.4283107046716124,0.3177604066508444,0.0446927795551868,-0.27637092343721215,4.984017523959848,4.662953820967449,0.3643566697223532
2014Q4,1.5472671405607734,2.085900364770882,0.07205865582517831,0.015055273464881669,-0.20692308730834252,4.977427054552049,4.755448693778824,0.5300713088270617
2015Q1,0.8837405553726372,1.5472671405607734,-0.2403408107652237,-0.014856754222542623,-0.1421161584790921,4.957001582019368,4.829742177762818,1.0846768102787465
2015Q2,0.0414860241900884,0.8837405553726367,-0.5687229145831165,-0.03755931301084603,-0.09390511772087928,4.925667063493748,4.869321258783715,2.055655183788042
2015Q3,-0.8596947641392405,0.041486024190088455,-0.769823037954041,-0.052015023802646,-0.06033268532072228,4.88057148224331,4.872253820725233,2.296649809811668
2015Q4,-1.7132798158723774,-0.8596947641392404,-0.8303957482626374,-0.06228297598750754,-0.04399547009928023,4.815027662968459,4.833315168856687,2.2777110837353716
2016Q1,-2.3399349387321893,-1.7132798158723777,-0.8382882549139307,-0.06795242432806883,-0.015830220481290957,4.728221161737784,4.780343365584561,2.7826341922191915
2016Q2,-2.7517105616688364,-2.3399349387321897,-0.7852071635993684,-0.07220987218748971,0.005339506988553566,4.617124928586691,4.6946743077627335,1.8257167866985582
2016Q3,-3.0564242460731514,-2.7517105616688364,-0.7358377721261782,-0.07331915690441215,0.012651609835811484,4.485331255680037,4.57130202242026,2.047587082655129
2016Q4,-3.0810333171321758,-3.0564242460731514,-0.6516086789232989,-0.06884964828479344,-0.0012723488374055403,4.338222844536933,4.405800143984321,1.7689219842996755
2017Q1,-2.970854796697662,-3.081033317132176,-0.47787754602992627,-0.06673580972700104,-0.03116391046499567,4.172051220537675,4.207623119799681,0.5530028302863976
2017Q2,-2.750508147934,-2.970854796697662,-0.37394578720677474,-0.06764060826709978,-0.04955084509609756,3.9914019506348675,4.009491713805869,-0.07312870414975142
2017Q3,-2.4206487216798576,-2.750508147934,-0.34932333674133176,-0.0674679869908958,-0.06865903962061862,3.805923542619225,3.8047324899895023,-0.5643036119210731
2017Q4,-2.0849347026767893,-2.4206487216798576,-0.3169144218968475,-0.0658470206541511,-0.07266579427210307,3.6214513917912496,3.6146326181732977,-0.6267015280259884
2018Q1,-1.7550700280460658,-2.0849347026767893,-0.2675491923868647,-0.06477160695828647,-0.07762852841616805,3.441061213256459,3.4282042917985778,-0.59893926668943
2018Q2,-1.4805150672927256,-1.7550700280460658,-0.24101684593282235,-0.06453120091095933,-0.09967888357683799,3.2691003219712123,3.233952639305334,-0.5017538643372783
2018Q3,-1.2955029921151142,-1.4805150672927256,-0.24227045909629064,-0.06407940265182396,-0.12354735727089422,3.110837068463841,3.0513691138447707,0.5339434756840062
2018Q4,-1.1736373362802217,-1.2955029921151142,-0.24938074002919408,-0.06145427980544642,-0.15394830615896676,2.972101407611984,2.8796073812584635,0.7604602216053143
2019Q1,-1.1634109648970237,-1.1736373362802217,-0.2214339921647836,-0.061146527910913906,-0.18549995574498246,2.852564331424405,2.7282109035903366,-0.0429276576886993
2019Q2,-1.2135618999494453,-1.163410964897024,-0.25158206255981175,-0.06621032914399222,-0.21665705814806804,2.753770223986814,2.603323494982738,0.2721996154956432
2019Q3,-1.3172473165502236,-1.2135618999494455,-0.40526807404605786,-0.07624983231972893,-0.2518976790429764,2.68064845637964,2.5050006096563924,-0.948038786788451
2019Q4,-1.7106319890873458,-1.3172473165502236,-0.6807083868652132,-0.08577430996184568,-0.27514907461017046,2.643352019278607,2.4539772546302823,-1.7365495295455475
2020Q1,-2.165954653521676,-1.7106319890873458,-0.9742622282518582,-0.07363909319958703,-0.2719095315282863,2.6670476643669745,2.4687772260382754,-1.834085044862007
2020Q2,-7.242975533889542,-2.165954653521675,-0.8542036067098673,-0.05527531901216348,-0.26718371141007186,2.7391873850783415,2.527278992680433,-2.8525382227035885
2020Q3,-3.90619989502399,-7.2429755338895445,-0.6396039934494471,-0.039267838730072446,-0.23316877908750633,2.8528771329087315,2.6589761925512976,-3.414072099475362
2020Q4,-2.114901573066511,-3.906199895023989,-0.5016909427854535,-0.024267281445733646,-0.18171573976834376,3.0093396981286737,2.851891239806063,-3.9026315148879904
2021Q1,-2.012314276240514,-2.1149015730665113,-0.40625520956179373,-0.00849502575091654,-0.12352243124882623,3.208068784047969,3.0930413785500592,-2.884102901708221
2021Q2,-1.1817458022909526,-2.0123142762405135,-0.3118754052041556,0.014023290852210213,-0.0471296364585847,3.450299523318311,3.3891465960075164,-1.6152673844827823
2021Q3,-0.5978981317470563,-1.1817458022909524,-0.0890316652515297,0.03875713297001693,0.024727422160672474,3.7249542769952715,3.710924566185927,-0.7516246766161829
2021Q4,-0.12289580929593136,-0.5978981317470562,0.17657119138565588,0.062159704490160506,0.09575504663950252,4.020938367857189,4.054533710006531,1.3325139209300072
2022Q1,0.35150931649390404,-0.12289580929593136,0.4217120096657841,0.08051639997812643,0.13239383418770584,4.326543767145454,4.378421201355033,2.0925053783801557
2022Q2,0.630226448648011,0.35150931649390416,0.5787746008314189,0.09145927185257119,0.1724452911770481,4.63228077497051,4.713266794294987,1.6226766779450843
2022Q3,0.7620454463240725,0.630226448648011,0.604689406003925,0.09746853288055013,0.20444215027646534,4.93486599040268,5.041839607798595,1.6648539611584243
2022Q4,0.8643908725666059,0.7620454463240725,0.5526617718634556,0.10412680784823736,0.2427156399812952,5.235189759500028,5.373778591633086,1.3502614036473515
2023Q1,0.9319788634347836,0.8643908725666059,0.537759051131979,0.10816857113418787,0.2869028792607412,5.526395729471777,5.70513003759833,1.2568217091167133
2023Q2,0.9834516254928638,0.9319788634347836,0.49074625091097124,0.10915592388491696,0.32883537185350176,5.805364166927291,6.025043614895875,0.8962127060880429
2023Q3,0.9672672458280263,0.9834516254928636,0.40042582249889513,0.10978576965224657,0.3598412688452505,6.072963259806399,6.323018758999403,-0.042195510833084066
2023Q4,0.9186633991741752,0.967267245828026,0.3196148058075639,0.10942659443957228,0.3920377640910198,6.327361133894238,6.609972303545685,-0.7569438551855949
2024Q1,0.9368191664294004,0.9186633991741753,0.23161164844867949,0.10931548563560628,0.4337652282795401,6.568636760273016,6.89308650291695,-1.324876146051902
2024Q2,0.959019604036458,0.9368191664294004,0.15866433492012727,0.11167193800435812,0.4800794888762423,6.797446819112278,7.165854369984163,-0.8659159563633462
2024Q3,1.0363014595102158,0.959019604036458,0.14429902262000968,0.1154474166610959,0.5260344314578491,7.010420235520065,7.421007250316818,-0.5803952982624829
2024Q4,1.0652543179043166,1.0363014595102158,0.16587769470332153,0.12127937279317799,0.564139719572063,7.205400518165026,7.648260864943911,0.8368010892516278
2025Q1,1.0746801735600326,1.0652543179043166,0.23770899668189463,0.12329725548057496,0.5871872575334838,7.373432581182428,7.837322583235336,1.9368140958072932
2025Q2,0.9298251450090904,1.0746801735600326,0.23951861923590181,0.12066801726483961,0.575713185617011,7.511197642457891,7.966242810810062,1.5997542880635294
2025Q3,0.613159733792052,0.9298251450090905,0.15388297139135493,0.11746797681100185,0.5792053376210216,7.621573855595075,8.083311216405095,1.3666242911703343
2025Q4,0.334910580829995,0.6131597337920522,0.06279671588514651,0.11728192949225527,0.5888260189674831,7.70802311484663,8.179567204321858,0.7435589513468864
2026Q1,0.1339768052641882,0.33491058082999503,0.03769700977963231,0.1205005660775027,0.5941857448237461,7.771740767528409,8.245425946274652,0.229913218625245
2026Q2,0.1238054498461598,0.1339768052641881,0.08572456539282833,0.12050056607750266,0.5901597779963299,7.807446175248642,8.277105387167468,0.6402045849537832
2026Q3,0.17403459098538196,0.1238054498461598,0.06977926511598452,0.12050056607750266,0.5901597779963299,,,
