nro,reuniao,alvo,tipo,t0,ancora,anc_doc,anc_dias,real,revisao,erro_ingenuo,delta_focus,erro_focus
264,2024-07-31,2026Q1,expansao,2024Q2,3.3,relatorio,34,3.4,0.1,-0.1,0.0236,-0.0764
265,2024-09-18,2026Q1,revisao,2024Q2,3.4,comunicado,49,3.5,0.1,-0.1,0.0593,-0.0407
266,2024-11-06,2026Q2,expansao,2024Q3,3.5,relatorio,41,3.6,0.1,-0.1,0.0275,-0.0725
267,2024-12-11,2026Q2,revisao,2024Q3,3.6,comunicado,35,4.0,0.4,-0.4,0.3197,-0.0803
268,2025-01-29,2026Q3,expansao,2024Q4,3.8,relatorio,41,4.0,0.2,-0.2,0.2945,0.0945
269,2025-03-19,2026Q3,revisao,2024Q4,4.0,comunicado,49,3.9,-0.1,0.1,0.1116,0.2116
270,2025-05-07,2026Q4,expansao,2025Q1,3.7,relatorio,41,3.6,-0.1,0.1,0.0988,0.1988
271,2025-06-18,2026Q4,revisao,2025Q1,3.6,comunicado,42,3.6,0.0,0.0,-0.001,-0.001
272,2025-07-30,2027Q1,expansao,2025Q2,3.4,relatorio,34,3.4,0.0,0.0,-0.094,-0.094
273,2025-09-17,2027Q1,revisao,2025Q2,3.4,comunicado,49,3.4,0.0,0.0,-0.0894,-0.0894
274,2025-11-05,2027Q2,expansao,2025Q3,3.4,relatorio,41,3.3,-0.1,0.1,-0.1115,-0.0115
275,2025-12-10,2027Q2,revisao,2025Q3,3.3,comunicado,35,3.2,-0.1,0.1,-0.0499,0.0501
276,2026-01-28,2027Q3,expansao,2025Q4,3.2,relatorio,41,3.2,0.0,0.0,-0.0455,-0.0455
277,2026-03-18,2027Q3,revisao,2025Q4,3.2,comunicado,49,3.3,0.1,-0.1,-0.0547,-0.1547
278,2026-04-29,2027Q4,expansao,2026Q1,3.3,relatorio,34,3.5,0.2,-0.2,0.1175,-0.0825
279,2026-06-17,2027Q4,revisao,2026Q1,3.5,comunicado,49,3.7,0.2,-0.2,0.1688,-0.0312
280,2026-08-05,2028Q1,expansao,2026Q2,3.2,relatorio,41,3.2,0.0,0.0,0.0574,0.0574
281,2026-09-16,2028Q1,revisao,2026Q2,3.2,comunicado,42,3.2,0.0,0.0,-0.0228,-0.0228
