,pi_q,pi_e,hiato,de,pi_star_usd,pi_agr_usd,pi_met_usd,de_fim,pi_star_usd_fim,ipca_12m,rr_2a,rr_10a,g_rr,g_rr_fim,selic,selic_fim,pi_e_2a,pi_bcb,pi_is_q,pi_ia_q,pi_ii_q,pi_im_q,wq_is,wq_ia,wq_ii,wq_im,meta_12m,meta_24m,completo
2001Q4,2.205941304500003,5.03,,0.4598374386107551,-8.429028687526952,-7.468360364663162,-2.8334396756911406,-14.082566069500368,-3.167839821423879,7.67,,,,,19.0,19.0,4.12996308389718,3.8,0.9831994680000067,3.1908971456000135,2.7949423599999745,2.225027257500023,0.2772051683844949,0.17500747497757507,0.25311724064827806,0.29467011598965204,3.5416666666666665,3.9583333333333335,True
2002Q1,1.4871632319999994,4.701967213114754,,-7.088152425828397,0.6026907441149199,1.6965728578798078,2.7041332939539586,0.1378122526468184,-1.2537165781069781,7.75,,,,,18.86111111111111,18.5,3.9471967325321744,,1.767953672,1.0819131806000026,1.7702788220000043,1.1883734471999974,0.27792388830444675,0.17462430150279398,0.25417698329206684,0.29327482690069234,3.5833333333333335,4.25,True
2002Q2,1.435929056000007,4.5476190476190474,,4.865473276574306,-3.438380496365312,-6.670548013934141,1.0480927054472122,20.223444189098537,-1.64300136148805,7.66,,,,,18.5,18.5,3.836591593059768,2.4,1.0029783040000018,-1.2177929673999888,1.3756823612000035,3.6345978720000227,0.2768187231812768,0.16991783008216993,0.2542477457522543,0.299015700984299,3.708333333333333,4.625,True
2002Q3,2.581038692000015,5.050151515151515,,22.295934364493775,7.2641849784074175,9.518594539868896,-1.3381000046223335,31.43158560249546,9.10259890316416,7.93,,,,,18.092391304347824,18.0,4.156551241366436,,1.5578871559999818,5.981541838400006,1.436222527200015,2.641940312000002,0.27474037370186855,0.17216586082930416,0.249759248796244,0.3033345166725834,3.833333333333333,5.0,True
2002Q4,6.561322801999991,9.60125,,16.28741571233052,7.109265061518677,8.380493647865528,2.0792041134105155,-9.743572660903288,7.123462424110194,12.53,,,,,21.41304347826087,25.0,6.4430637191991975,,2.224861726400018,14.895179302399985,4.925562617599999,7.135087516599992,0.26680300204503066,0.18475677135157026,0.25037675565133477,0.29806347095206426,3.9583333333333335,5.375,True
2003Q1,5.132745497500002,10.512950819672131,,-5.140752876874521,5.00028412283795,3.0781352930450367,5.578901382345425,-5.2346987365609055,0.27223247302750053,16.57,,,,,25.822222222222223,26.5,7.75772264673871,,3.0593941691999804,5.682261198600025,3.988304864000014,7.795545964399997,0.2601107398892601,0.18864381135618868,0.24792275207724795,0.3033226966773033,4.25,5.333333333333334,True
2003Q2,1.4335381245000223,8.330983606557377,,-15.645599038250335,-1.005133112546197,-1.3473925622858651,0.6219528764723314,-15.487663989156065,0.5122035904365774,16.57,,,,,26.439560439560438,26.0,7.039199178644759,6.0,1.4771112403999975,0.8244695639999966,2.285604214499992,0.9890970298000124,0.25752303009212035,0.18938875755503023,0.24677698710794843,0.306311225244901,4.625,5.083333333333333,True
2003Q3,1.3248973040000056,6.618636363636363,,-1.7627976427015524,2.5790450687649624,2.7293351606636485,3.0806132509728634,1.7738671287077512,5.225451521191271,15.14,,,,,23.47826086956522,20.0,5.563168232634357,,1.6083409712000174,-0.6891412645999906,0.651266756000024,3.0592644031999905,0.2612817838453515,0.18435255305765916,0.24526073578220733,0.30910492731478195,5.0,4.833333333333334,True
2003Q4,1.154267127200015,6.048709677419355,-0.99,-1.1673871739589448,7.908724128850064,7.394873673318347,9.89139676777775,-1.1767675278500533,8.105145756719523,9.3,,,,,18.402173913043477,16.5,5.138088582720626,5.2,1.4367906595999846,0.8522879439999853,1.3656303080000098,0.9022741843999871,0.2606026060260603,0.18449484494844948,0.24392843928439287,0.3109741097410974,5.375,4.583333333333334,True
2004Q1,1.8510967891999908,5.645573770491803,-0.53,-0.16090265453720942,3.201331580734035,-1.4597605520314083,15.518508273021325,0.669221856691804,4.964148376614297,5.89,,,,,16.46153846153846,16.25,4.936737693697333,5.5,2.8635452802000083,1.2529233248000038,2.1846818266999968,1.0314124711999995,0.26272937270627295,0.1833651663483365,0.24403555964440354,0.30986990130098696,5.333333333333334,4.5,True
2004Q2,1.5981483977000055,5.742903225806452,-0.1,5.148256698877263,6.615646686250365,6.401579206798402,3.6254574371545445,6.614667864125634,2.89839614159062,6.06,,,,,16.03846153846154,16.0,5.0564262215451174,5.4,0.9932695904000255,0.34613509409999743,2.886901033399991,1.708032536000026,0.26242183695285864,0.18067526472685308,0.24577072039504277,0.3111321779252455,5.083333333333333,4.5,True
2004Q3,1.9415797207000152,6.192923076923077,0.28,-2.295699128059381,-0.6111492294611054,-4.145323854278793,2.4533607518981704,-8.348654990985139,0.521371293179751,6.7,,,,,16.04076086956522,16.25,5.210015163481285,,1.5169794128000014,1.0905408224000102,1.3257402080000036,3.434069589200006,0.2604745209490419,0.18046436092872184,0.2461694923389847,0.31289162578325164,4.833333333333334,4.5,True
2004Q4,2.0027801095999775,6.092,0.5,-6.800233822978052,3.7027153531505874,1.562313267332982,8.067424362706355,-7.411335403883479,3.1310217869074286,7.6,,,,,16.967391304347824,17.75,5.104264202600959,5.5,1.5374838080000064,-0.14236347200000665,2.053872229400011,3.683044303999994,0.2597997793993382,0.17621352864058593,0.24971874915624745,0.3142679428038284,4.583333333333334,4.5,True
2005Q1,1.7905798742000156,5.562295081967213,0.48,-4.157490354837712,3.353654072786494,4.120411236148325,7.219887788890311,0.4435597243396594,5.595307240325997,7.54,,,,,18.466666666666665,19.25,4.9385105642889995,4.9,2.821995533600008,1.1329765630999855,1.0734454799999904,1.9694695264000028,0.26175421473735583,0.17539747380757859,0.24864625406123783,0.31420205739382784,4.5,4.5,True
2005Q2,1.3439901473999871,5.324126984126984,0.13,-7.382557336530981,-0.6226979416541489,0.11407279080248856,-6.915823478679517,-12.606871125996367,-5.443055644480932,7.27,,,,,19.563186813186814,19.75,4.8140217072455265,4.7,1.1745528695000118,0.6215361799999819,2.0931633999999866,1.2306214399999904,0.2597604159270707,0.17481997193952295,0.24693519789836427,0.318484414235042,4.5,4.5,True
2005Q3,0.7718964875000012,4.9103076923076925,-0.22,-5.633693524363215,1.0141920086438994,-0.556382670756328,-4.8979007946202024,-5.608783026970466,5.841242211959585,6.04,,,,,19.706521739130434,19.5,4.663536671405255,,1.4468497159999982,-2.6277816300000034,0.4306062808000277,2.469925323199984,0.262989737010263,0.1688018311981688,0.246990753009247,0.3212176787823212,4.5,4.5,True
2005Q4,1.668819850000025,4.610645161290323,-0.34,-3.976637028000074,9.27514811685377,9.864664922785593,9.453928698036052,5.195233376595043,9.882635430689568,5.69,,,,,18.804347826086957,18.0,4.510308891391226,4.7,1.1844803749999633,1.5164381168000007,0.7516288064000065,3.0167181224000084,0.2634627365372635,0.1673018326981673,0.2456127543872456,0.3236226763773236,4.5,4.5,True
2006Q1,1.4367294016999876,4.472380952380952,-0.33,-2.4570452682741384,5.410543452755068,8.74700509108095,13.169459283042872,-7.461748275516844,-0.3506139329288338,5.32,10.17561362467742,8.160058846935485,2.0155547777419347,1.8176786000000007,17.208333333333332,16.5,4.499365513944569,4.9,2.498176825200016,-1.1259585447999987,1.717643989999984,1.6892525647999923,0.26581386069702484,0.16420014940104583,0.24626072382506678,0.32372526607686253,4.5,4.5,True
2006Q2,0.09955855899996813,4.209016393442623,-0.28,-0.43405334174739796,0.8122567532828917,-1.3542638864924683,11.46667846422078,-0.3735563640206663,1.5829889018119658,4.03,10.429958997540982,9.016056319672131,1.413902677868851,1.0104528199999994,15.733516483516484,15.25,4.4997419239012135,5.2,0.9529409304000147,-1.642172322399993,-0.94818989440002,1.0530254579999898,0.26647926647926645,0.16118116118116116,0.24522924522924522,0.3271103271103271,4.5,4.5,True
2006Q3,0.4505991994999903,4.395625,-0.13,-0.7800362592819021,-0.2863094095314267,-0.06755344216493597,0.18233056601033582,0.4563797249416357,-1.382487581509917,3.7,9.7860777609375,8.91662822625,0.8694495346875009,0.9502835100000002,14.684782608695652,14.25,4.472266320157426,,0.9731343635000167,0.08991792799999399,-0.07017589079999498,0.5205607822000191,0.31993163986327977,0.13332826665653333,0.2522585045170091,0.29448158896317794,4.5,4.5,True
2006Q4,1.1240999104000116,4.106721311475409,0.04,-0.8739142255998256,2.5890268885495615,1.1167937388137261,12.23634415808208,-1.678996818490952,7.102718877487746,3.14,8.72909206881356,8.25312448,0.4759675888135604,0.2528241299999996,13.673913043478262,13.25,4.2464376521807425,5.0,1.053515763200008,2.5987457528000135,0.6712866511999982,0.950996000000015,0.3204210774735352,0.135444187334876,0.2512024927850433,0.29293224240654553,4.5,4.5,True
2007Q1,1.2551991632000048,3.8985483870967745,0.31,-2.0385714412411438,2.148391308248776,2.7277699983117465,3.7672487310709712,-4.183591653512919,0.8175445015242033,2.96,7.906372208852459,7.572487623114754,0.33388458573770485,0.56212003,13.0,12.75,4.009600251705637,4.7,2.1127845320000116,3.14181431399998,0.039147495999980464,0.601143680400007,0.32233325633279436,0.13638795471568302,0.24872674108718765,0.29255204786433503,4.5,4.5,True
2007Q2,0.8121859599999892,3.4998387096774195,0.58,-6.197717792846813,0.9648465238307757,-3.6099312470002864,8.40023151533451,-6.248574592309741,0.7007220263101743,3.69,7.1454038493442615,6.352551895901639,0.7928519534426224,0.4392727599999997,12.423076923076923,12.0,3.999222251661478,4.6,0.9630562129999909,0.9662021503999974,0.7214856534000003,0.6909943175000155,0.32264990384913467,0.13645822812405312,0.24825623430610877,0.2926356337207035,4.5,4.5,True
2007Q3,0.8924080304000048,3.67125,0.89,-3.2899322266116804,2.732161565748914,4.457877372635277,-0.42473030672942613,-4.638158337995635,4.227628382753501,4.15,6.9020571890476194,6.817007446507937,0.08504974253968278,0.1445064899999995,11.529891304347826,11.25,4.003182216803559,,1.0432862339999849,4.077327711699996,0.21988872280001015,-0.1402238943999934,0.32299435401129195,0.1418267163465673,0.24598150803698393,0.28919742160515677,4.5,4.5,True
2007Q4,1.4261804360000019,3.955483870967742,1.23,-7.106181792123001,7.00763438521621,7.138696570160263,-0.85929168706258,-3.7453826488256237,5.60862639300117,4.46,7.221529403728813,7.137258464915255,0.08427093881355852,0.17381256,11.25,11.25,4.015441368042217,4.6,1.537691656699991,3.6713365071999737,1.103797040400023,0.49068823400000294,0.32389961949809754,0.14274071370356853,0.2458072290361452,0.2875524377621888,4.5,4.5,True
2008Q1,1.5176027007999915,4.285245901639344,1.46,-2.7378455248134093,12.077836215444648,12.99729375476959,5.229377938874968,-1.2612370345533752,16.051842870557653,4.73,7.571701374333333,7.250501759666666,0.3211996146666669,0.7478032699999995,11.25,11.25,4.1774273179160915,4.9,2.285096643200002,3.2609416832000138,0.42024458839997614,0.7716109399999782,0.3259203036812147,0.14699658798635193,0.24314797259189036,0.28393513574054297,4.5,4.5,True
2008Q2,2.094293153000004,4.664354838709677,1.69,-4.825572103725529,8.696395122897904,4.470059046179475,2.6907820838932395,-9.417309855192718,7.6501255913407284,6.06,8.37702722580645,7.187716069193549,1.1893111566129022,1.5011515899999992,11.804945054945055,12.25,4.45369322823519,4.7,1.8410277247999929,6.3155066623999945,1.648894835600001,0.6312928580000099,0.32516532516532515,0.15116315116315115,0.24229824229824232,0.2813732813732814,4.5,4.5,True
2008Q3,1.0735938583999793,5.278636363636363,1.54,0.6868121494519097,-5.1690912742458295,-1.380265812331416,-11.131848484727591,18.44237491813205,-15.78805538253727,6.25,9.104522398615385,7.502294273538462,1.6022281250769232,1.3862303800000007,12.97554347826087,13.75,4.6813880073839,4.7,1.8614223935000007,-0.6378458752000049,1.0833145920000176,1.1237185700000207,0.32561667438332564,0.1528968471031529,0.24082475917524082,0.2806617193382807,4.5,4.5,True
2008Q4,1.0938925359999851,5.256461538461538,-0.44,31.138511835912375,-32.64665680816235,-27.043638266001313,-44.78673902526733,19.951603499644722,-32.81365565942789,5.9,9.440142338225806,8.761723346451612,0.6784189917741941,0.4240708300000007,13.75,13.75,4.565052071815935,4.5,1.4974021992000042,1.455771737600009,0.8016177038000061,0.7116512527999941,0.327065,0.152002,0.241482,0.279451,4.5,4.5,True
2009Q1,1.2347052800000036,4.593114754098361,-1.87,1.5126867380345743,-8.124632308156698,-1.7700146723565346,-10.917887084056321,-0.9371978661638636,-3.6328083922589016,5.61,6.960002137704918,7.232237163606557,-0.2722350259016393,-0.5481362899999995,12.65,11.25,4.5,4.6,2.5761170247999843,0.7501178285000298,-0.12101946879999881,1.1735449400000153,0.33196100823395064,0.15100709395743628,0.23760757435455387,0.2794243234540593,4.5,4.5,True
2009Q2,1.3156841215999693,4.099016393442623,-1.89,-10.888251392285653,6.286959478155207,6.203124079074396,16.249129280967445,-17.084652793553722,12.244894132427575,4.8,6.171604636393442,6.872489004590164,-0.7008843681967214,-0.4419025300000001,10.35989010989011,9.25,4.402455762390458,4.2,1.5579453811999988,1.2739610763999876,1.3858469599999923,1.043396519000006,0.33227300636196183,0.1502380985714086,0.23843956936258381,0.2790493257040458,4.5,4.5,True
2009Q3,0.6312968640000083,4.107692307692307,-1.26,-10.407385578648976,6.542330916217676,4.4289883499453175,16.176356004424797,-9.310417047977992,5.454163882849805,4.34,5.89935401921875,6.43043678390625,-0.5310827646875005,-0.19378898999999983,8.869565217391305,8.75,4.444280103195914,4.7,1.2349565416000186,-1.1654499052,0.35003088449998554,1.1036163744000183,0.33334833325833374,0.14919325403372985,0.23715281423592888,0.28030559847200764,4.5,4.5,True
2009Q4,1.0637052475999997,4.351904761904762,-0.33,-7.172346831719755,9.903607331243158,7.673611645250844,12.282628084972647,-2.0970847783759683,10.641786292793043,4.31,6.232754766666667,6.621363446,-0.3886086793333332,-0.2511647299999993,8.75,8.75,4.492614973436329,4.2,1.154154499999982,0.038820377599990685,1.295478647900028,1.3358705680000194,0.3339176678353357,0.14745529491058984,0.2378474756949514,0.28077956155912315,4.5,4.5,True
2010Q1,2.063836420000009,4.5167213114754095,0.27,3.484386643839643,3.1509976894636083,2.5097430055531333,6.4691571937324,2.2600473611519067,-2.509107341036021,5.17,6.153365009,6.505860389,-0.3524953800000006,-0.16051514000000022,8.75,8.75,4.538085860795997,4.3,2.8750374415999813,4.555111849999993,0.6208991557999921,1.1117311195999902,0.33686365254538986,0.147998408006368,0.2352740589037644,0.2798638805444778,4.5,4.5,True
2010Q2,1.0024510000000042,4.75516129032258,0.7,-0.4264850122077113,-5.551124481358727,-7.581314777364145,-0.26066365470001074,1.1444646898486344,-4.936351697253194,4.84,6.60218090532258,6.385973274354838,0.21620763096774187,0.34197916000000017,9.442307692307692,10.25,4.68516018635049,4.6,1.6994132223999925,0.11706169920000509,1.1442080490000173,0.5910265544000204,0.33749902499414997,0.15149190895145367,0.2341304047824287,0.2768786612719676,4.5,4.5,True
2010Q3,0.500229017999998,5.006461538461538,0.97,-2.4219219900404543,7.301481724618508,9.632588454644253,3.5751383952243643,-6.140899819069745,15.574156592693011,4.7,6.14864856609375,6.162806790625,-0.014158224531249708,-0.033797990000000055,10.63586956521739,10.75,4.6268431527404825,4.6,1.1745317792000165,-0.5286989799999975,0.22999599080000266,0.5005569392000142,0.34156458435415643,0.14598354016459836,0.23470365296347034,0.2777482225177748,4.5,4.5,True
2010Q4,2.226218217499998,5.255873015873016,1.22,-3.086684949092844,17.837774748052926,19.720558827128443,18.45360341238944,-1.666506845664173,16.93412318395522,5.91,5.9677198930158735,5.93545636,0.03226353301587359,0.29312752000000053,10.75,10.75,4.566317807981056,4.1,2.1651850999999667,6.310070272000012,1.4166343679999915,0.8926305739999973,0.34057942753255793,0.15261798403379243,0.23271502529532884,0.2740875631383208,4.5,4.5,True
2011Q1,2.4395694559999903,5.4030645161290325,1.39,-1.7399637230251397,14.412885436360057,16.102580031941383,10.781129922404897,-2.2763433961293655,11.100688254584501,6.3,6.368822849824562,6.158890599649123,0.20993225017543882,-0.1022673799999998,11.305555555555555,11.75,4.667862599633483,4.4,3.742138041800014,1.765430537999979,1.003235379199996,2.479269388999983,0.34524510720596485,0.15244237198134783,0.22985506869561828,0.27245745211706907,4.5,4.5,True
2011Q2,1.3954844285000156,5.208548387096775,1.4,-4.356596503213256,-2.242622217571988,-4.456091392735306,1.1639201289969314,-4.239144961689423,-7.003944405762219,6.71,6.64302401,6.327363293387097,0.3156607166129035,0.36574498000000055,11.994505494505495,12.25,4.845438056125943,4.9,1.8209047415000068,0.3263520127999797,1.0933703779999915,1.7248784860000033,0.3455154186079303,0.15183406283843986,0.22773759416315914,0.27491292439047077,4.5,4.5,True
2011Q3,1.0634041376000214,5.485846153846154,1.15,2.4404522964702746,-3.875593014048029,-3.28508597651469,-6.098155083675838,17.217049262286643,-2.416140242350995,7.31,5.675551742615385,6.138768512923077,-0.46321677030769237,-1.3826985800000005,12.282608695652174,12.0,4.857429579318697,5.1,1.5984408824000207,0.451351692799995,0.812145848000001,0.9420715393999801,0.34886009316055894,0.14956789740738444,0.22827436964621786,0.2732976397858387,4.5,4.5,True
2011Q4,1.456997179999986,5.5485483870967744,0.93,9.63792664764846,-8.499980980391086,-6.883543253079516,-16.01326736987021,1.1474041489350717,-10.19537434459341,6.5,4.518585499508197,5.602165348032787,-1.0835798485245896,-0.7054679100000003,11.434782608695652,11.0,5.033721931509574,4.7,1.9018313747000137,2.7830667500000184,0.5810566048000121,0.9226313597999969,0.351333,0.150808,0.22669999999999998,0.271159,4.5,4.5,True
2012Q1,1.224646292000009,5.332380952380952,0.98,-1.73749428030745,0.5306622940906891,0.6083478833827094,5.818580357661851,-2.904555301900502,2.7133312320592573,5.24,4.18135209016129,5.36680443967742,-1.1854523495161295,-1.1642927699999999,10.401098901098901,9.75,5.119326293145598,5.4,2.8451532499999876,0.8611605715999948,-0.35962509879999827,0.9125381995999771,0.34185039295275066,0.15101105707739954,0.2626978388848722,0.24444071108497759,4.5,4.5,True
2012Q2,1.083105843199994,5.4964516129032255,1.02,10.395639986762395,-8.97988640609908,-9.264471464816726,-8.172583427467028,10.375118669711924,-12.184266862524762,4.92,3.4169420862903226,4.534792577258064,-1.1178504909677414,-1.39270271,8.978021978021978,8.5,5.367048199421519,4.9,1.4966482992000207,2.134895478199983,0.03332094560000165,0.9426912560000167,0.3429479423123461,0.15163509018945887,0.26148743107541356,0.24392953642278145,4.5,4.5,True
2012Q3,1.416561049100018,5.58796875,1.18,3.242283121139855,4.992192982673593,6.86388534161777,-2.682978435753025,0.45904471141701153,10.609868076836637,5.28,2.7475651355555555,4.189020761904762,-1.4414556263492062,-1.46625176,7.885869565217392,7.5,5.273757807152636,5.1,1.8004187421000184,3.415710526999982,0.4805208757999946,0.6212077410000072,0.34597261610953556,0.15378738485046062,0.2574079703681186,0.24283202867188536,4.5,4.5,True
2012Q4,1.9929689660000083,5.429677419354839,1.44,1.4075347620226886,0.11812513186058027,-2.23311921445406,6.6590567434371195,0.6332708137209542,-0.9905592252416717,5.84,1.9242313311864405,3.617973063559322,-1.6937417323728814,-1.8540690700000002,7.2771739130434785,7.25,5.4312881146364616,5.1,2.3272569836000123,3.272373302000009,1.6183088375000043,1.123961455000022,0.34632046320463206,0.15677856778567786,0.255649556495565,0.24125141251412516,4.5,4.5,True
2013Q1,1.9420462519999848,5.5115,1.71,-2.9546032693002933,-0.43776172889034015,-1.0673533669726787,2.3908949372644983,-1.464053952281752,-2.335737056240994,6.59,2.4102838052542372,3.768353524915254,-1.358069719661017,-1.2174081499999998,7.25,7.25,5.481252452657995,5.2,2.4977630960000052,5.577170983200008,1.8003170240000088,-1.0710096508000033,0.34961065038934963,0.16150383849616154,0.25533874466125533,0.23354676645323358,4.5,4.5,True
2013Q2,1.1844322910000038,5.58873015873016,1.99,3.4268847082765674,-5.787010698791573,-4.635563416691024,-13.699631523331313,9.549976267743432,-5.848140450185646,6.7,3.392471721746032,4.522971665396826,-1.1304999436507939,-1.0573678800000001,7.6291208791208796,8.0,5.6567873711200205,5.2,1.750083353600007,0.7864080199999846,0.7112951225000108,1.1040118298000223,0.3494975535171253,0.16328985697100118,0.254612217714476,0.2326003717973974,4.5,4.5,True
2013Q3,0.6210172520000112,5.973939393939394,2.22,10.14430344470999,-2.8391305525221178,-3.2919580724872333,-1.0784166510442006,0.6478338295215713,-0.5609142986414462,5.86,4.3236440733846155,5.407656639692307,-1.0840125663076918,-1.1907958999999995,8.625,9.0,5.642546616057909,5.6,1.8816761919999925,-1.097197744599987,0.6007186100000173,-0.020531388800004713,0.3541916458083542,0.16014383985616015,0.25385874614125387,0.23180576819423182,4.5,4.5,True
2013Q4,2.043318317600007,6.14421875,2.42,-0.6382807875334295,0.5362634348340833,-0.6279942796402871,2.0327083529908307,4.925983818160984,-0.25460029954755825,5.91,4.841740412622951,6.072321495901639,-1.2305810832786888,-1.4207055099999994,9.63586956521739,10.0,5.557419254791242,5.6,2.3469912080000155,2.286113657300004,1.9625927119999886,1.5363201152000183,0.35531213187279126,0.16013496080976486,0.25433752602515614,0.23021538129228775,4.5,4.5,True
2014Q1,2.1752379140000055,6.060491803278689,2.37,3.9566873363464206,3.5390076692324968,4.418511701202732,-0.8058135751887185,-3.457005700223692,6.533484361784669,6.15,5.552858857049181,6.6884797970491805,-1.13562094,-0.97636448,10.508333333333333,10.75,5.654583880342456,5.8,2.8245305251999753,3.579244113999991,1.6994936204000055,0.7613636959999948,0.3563082184589077,0.16024319878400609,0.2542727286363568,0.22917585412072938,4.5,4.5,True
2014Q2,1.537614327999992,5.965737704918033,2.19,-5.906215074997901,2.872087625687847,3.5481638336681165,1.2188950575854562,-2.709828782320267,-1.2158425776886972,6.52,5.4633133853333335,6.252673976333333,-0.7893605909999994,-0.9360369899999998,10.994505494505495,11.0,5.812636303452608,6.0,1.8394003879999676,1.3246146080000187,1.1641736690000126,1.6179543574999844,0.3556,0.163898,0.252932,0.22757,4.5,4.5,True
2014Q3,0.8315071424999987,6.136212121212122,1.89,1.9965620350032909,-4.710586497809555,-5.9957127321284,2.378451354238287,10.690302571777789,-5.078453367140323,6.75,5.045148310769231,5.845359399384615,-0.8002110886153844,-0.7755155499999997,11.0,11.0,5.774044137473299,5.9,1.323914698999995,-0.36537735639999847,0.5007193189999759,1.3055969560000102,0.3589847691370778,0.16003055972496247,0.25235172883444046,0.22863294230351924,4.5,4.5,True
2014Q4,1.7194127076000099,6.486307692307692,1.55,11.186574227807,-2.656440222628209,0.21817934544285933,-7.7630376818632385,8.040042543803782,-3.6413313570101913,6.41,5.385368706612903,5.9555297738709685,-0.5701610672580655,-0.3314641199999997,11.32336956521739,11.75,5.715507186858314,5.2,2.1026817359999894,2.4286206975999924,0.9023383448000022,1.5374777648000215,0.3596140788422365,0.16116848350545052,0.2505657516972551,0.22865168595505786,4.5,4.5,True
2015Q1,3.827799689600009,6.5401639344262295,0.95,12.075191905233496,-9.737091904718564,-7.630602510979667,-7.443523136080721,18.87511600202547,-9.861647076749414,8.13,5.668716293442623,6.173564389016393,-0.5048480955737702,-0.20236799999999988,12.283333333333333,12.75,5.549990799026043,5.0,2.5507806127999855,3.6920426492000225,1.5677630155999989,8.454872800000013,0.3591592816814366,0.1615216769566461,0.24612350775298453,0.23319553360893278,4.5,4.5,True
2015Q2,2.2567505066000138,5.9973770491803275,0.17,6.822410419758396,-1.9445578847092193,-2.3777433447185636,-3.4082924018332683,-3.3407220356174383,0.4664064423629988,8.89,6.487759216229508,6.137301679836066,0.3504575363934421,0.4145779100000002,13.239010989010989,13.75,5.307263383489863,5.1,1.7288185340000206,3.3137863189999894,1.4671104954000036,3.15202257920002,0.354706,0.16307,0.24303,0.239194,4.5,4.5,True
2015Q3,1.3859073656000032,5.7601538461538455,-0.93,14.0941531589452,-3.597221686114249,-1.6505127633659633,-10.001398688898977,24.725583697079756,-5.690022272545292,9.49,6.840291172539683,6.943878042063492,-0.10358686952380936,-0.24603076999999995,14.092391304347826,14.25,4.995568999104938,5.1,1.53750157760002,0.21797794400002513,0.8824912382000116,2.42748644480002,0.3548658389267114,0.1620372962983704,0.24151193209545677,0.24158493267946146,4.5,4.5,True
2015Q4,2.815929507199999,6.7319047619047625,-1.69,8.298034685690435,-3.0244395462328377,-1.6059378676951397,-5.103007711897867,-1.7289741028090555,-2.3603521850178666,10.67,6.558566581333333,7.275457361833333,-0.7168907805,-0.5857774999999998,14.25,14.25,5.222230913812022,5.5,2.063355664400013,5.178599868800005,2.165395458500008,3.0383753003000002,0.35264458942164234,0.16317034731861074,0.240187039251843,0.24399802400790396,4.5,4.5,True
2016Q1,2.6208101489999747,6.742622950819673,-2.29,1.500636646265363,-2.4999723775607663,-2.1256682236071356,1.591430099545299,-9.275505723777044,0.10461744261043293,9.39,6.079859474,7.061052510500001,-0.9811930365000006,0.005072039999999944,14.25,14.25,5.744887175862031,5.7,1.971179883999996,5.884724571199995,2.215860232400013,1.7790964300000045,0.3511488396604431,0.16796948827460556,0.23801185789327897,0.24286981417167247,4.5,4.5,True
2016Q2,1.7496396530000125,6.104444444444444,-2.84,-10.660118082213188,3.6190689491930605,1.4652276786869756,7.552325101605906,-10.324287844811142,5.780248183778092,8.84,6.196653090476191,6.138239284126985,0.05841380634920679,0.3982332100000008,14.25,14.25,5.43787631867714,5.5,1.2852880817999957,2.74425941780001,1.163698550000003,2.3446991839999987,0.34898444289110025,0.17093619655337586,0.23747566232963627,0.24260369822588754,4.5,4.5,True
2016Q3,1.043057830399996,5.43676923076923,-3.04,-7.7502522213960034,2.553511536180597,-0.27782665853699484,9.303831802223161,1.1276451583914326,-0.26951772670873453,8.48,6.26700049578125,5.9328710184375,0.3341294773437502,0.18496690000000005,14.25,14.25,4.780880113726107,4.9,1.5375678667999937,1.5036022000000093,0.49011972999997155,0.5303310379999981,0.3497431476883292,0.173518561667055,0.23634112707014363,0.2403971635744722,4.5,4.5,True
2016Q4,0.7417894039999817,4.929032258064517,-3.24,1.5054123640601214,3.2025682308085557,0.33437632276562823,6.434636032117602,0.3966002154814241,4.373964838336342,6.29,6.117495064754098,5.980828978852459,0.13666608590163865,0.01591889000000002,13.967391304347826,13.75,4.558909385970726,4.6,1.5376595254999792,-0.9674260574999871,0.822177871999985,0.7511118812000062,0.352169,0.169963,0.235986,0.241882,4.5,4.5,True
2017Q1,0.9630321349999971,4.666825396825397,-3.17,-4.663555746063919,1.7682727990067093,0.7643144331844098,4.387590868155922,-2.8224355035659787,-1.8073304527269407,4.57,5.415995107903226,5.463997804516129,-0.048002696612903684,-0.25993485999999955,12.783333333333333,12.25,4.493966298360549,4.2,1.5572325672000176,-0.2730769524999843,0.04979585600000114,1.8712862719999945,0.35513771027542057,0.16717733435466872,0.23494846989693982,0.24273648547297097,4.5,4.458333333333333,True
2017Q2,0.21939800180001967,4.579836065573771,-2.99,2.2725952428374496,-3.2281955393103523,-3.30534536985434,-2.267745943333477,4.317750621799599,-2.863945294283532,3.0,4.952384484262295,5.502688882786885,-0.5503043985245908,-0.8474807200000001,11.052197802197803,10.25,4.32453394822769,4.5,0.9725680534999892,-0.8148885856000043,-0.08006897480000719,0.11274968800001339,0.35570271140542287,0.16675433350866703,0.23305646611293224,0.24448648897297798,4.5,4.395833333333333,True
2017Q3,0.5911447296000016,4.306875,-2.68,-1.6745670102427335,0.15344214996781957,-2.2112688364010147,6.526922203773378,-4.330376087380405,3.615171748198076,2.54,3.880359909375,5.19705207984375,-1.3166921704687495,-1.55078365,9.282608695652174,8.25,4.225722963723477,4.3,0.8517841699999806,-3.3555962895999936,0.18936682999999288,3.2794211456000033,0.35774992675021977,0.1605895182314453,0.23231930304209084,0.24934125197624402,4.5,4.333333333333333,True
2017Q4,1.1442611743999853,3.975245901639344,-2.23,2.5767688176397963,4.327806480754326,2.4098895913531315,3.279632775535557,4.324330320926539,2.4414519626984266,2.95,3.4446429818644067,5.162080634915254,-1.7174376530508475,-1.7468649100000002,7.567934782608695,7.0,4.220860739892955,4.2,1.093386664000029,-0.47250885920000485,0.8620971775999964,2.527793165600012,0.35812707438122315,0.15668047004141014,0.23167869503608512,0.2535137605412816,4.5,4.270833333333333,True
2018Q1,0.7014778351999817,3.9975409836065574,-1.87,-0.09992786626216166,1.77991433916862,0.49209044882250197,4.137085837288179,0.47649295498408684,0.04245383209591225,2.68,3.4365665588135594,4.945854869491526,-1.5092883106779662,-1.8875300800000003,6.8277777777777775,6.5,4.200718573624622,4.3,0.9819049472000074,0.3222622976000178,0.19008300649998588,0.9828275300000078,0.35967664032335966,0.1565458434541565,0.2305217694782305,0.2532557467442533,4.458333333333333,4.208333333333334,True
2018Q2,1.8887030879999989,4.191746031746032,-1.79,10.587667690780055,-0.5479465764625324,-3.493756383149993,-1.3319847601922952,14.846980147194566,1.766979081598219,4.39,3.3555773658730157,5.330073055873016,-1.9744956900000004,-1.7736896800000004,6.5,6.5,4.028876503373423,3.7,0.19981692979997856,3.740469034799987,0.3804391481999847,4.517477677999993,0.3568549294352117,0.15598153205540385,0.22964031107906674,0.2575232274303177,4.395833333333333,4.145833333333333,True
2018Q3,0.7208535743999933,3.781875,-1.67,9.135942244851547,-2.3821401866072733,-1.8631586880670348,-10.923091735174673,3.7690377932886543,-2.542474041378906,4.53,4.161946483650794,5.668336718253968,-1.5063902346031748,-1.89167664,6.5,6.5,4.042547484599589,3.9,0.9209876479999934,-1.3057520000000045,0.3394272980000057,1.9807742527999883,0.354225,0.156474,0.226629,0.262672,4.333333333333333,4.083333333333333,True
2018Q4,0.3894135824999978,3.863225806451613,-1.58,-3.6637346857819164,0.20829476950225967,2.7115080906618516,-1.5714388999930051,-3.277483754602528,-2.5210327212825234,3.75,3.5707136915254236,4.99405608779661,-1.423342396271186,-1.4530921499999998,6.5,6.5,4.024016360866399,3.9,1.2042973214000163,1.7593594700000104,0.2064449876000074,-1.3512579399999947,0.3551564206256825,0.15731062924251699,0.22543090172360689,0.2621020484081937,4.270833333333333,4.020833333333333,True
2019Q1,1.507011320000018,4.006229508196721,-1.52,-1.0551410979980913,-2.1376707057148003,0.1519415036263183,3.412210387718062,0.5635992529118283,0.35032440803162146,4.58,2.982807027,4.2855937595,-1.3027867325,-1.21897398,6.5,6.5,3.9700295104408614,3.9,1.234965563700019,4.338023979599992,0.44968642669998005,1.0926960875000002,0.35735414412486477,0.16013396080376482,0.22422134532807197,0.25829054974329846,4.208333333333334,3.9583333333333335,True
2019Q2,0.710811074100004,3.6306451612903223,-1.55,3.9976233849896126,-3.5478270829347736,-4.529303885439795,-2.8381327519674926,-1.6690990285749496,-6.017665432482744,3.37,2.929312974354839,4.038995588225807,-1.1096826138709677,-1.00106655,6.5,6.5,3.9051276191737876,3.9,0.5503608032000118,-0.6644434798000143,0.4702160251999876,2.0077642988000077,0.35414987510074936,0.16060403637578174,0.22309966140203158,0.26214642712143726,4.145833333333333,3.895833333333333,True
2019Q3,0.2600889164000142,3.6004545454545456,-1.52,1.17406707259049,-4.23392564936762,-3.456927441087565,-4.168735224717679,8.313315680499912,-1.9596520403959872,2.89,2.010088702,3.277100700307692,-1.2670119983076922,-1.46771158,6.103260869565218,5.5,3.79825627942671,3.6,0.5805871609999791,-1.593199528,0.0390481089999728,1.1236028800000186,0.35608072703127563,0.15811810258276904,0.22235033179601843,0.26345083858993695,4.083333333333333,3.8333333333333335,True
2019Q4,1.767530865000011,3.64234375,-1.4,3.6456156091514647,5.4752836786081005,8.107056888805175,-0.4069484524307221,-3.263214947302173,7.977317472878731,4.31,1.1090719324590164,2.904243817540984,-1.7951718850819676,-1.89630439,5.054347826086956,4.5,3.7374956151608476,3.3,1.123229774000012,5.715644789300001,0.6714389743999849,1.211939265500006,0.35561120050080447,0.15764241878176902,0.22223400010600092,0.26451238061142546,4.020833333333333,3.7708333333333335,True
2020Q1,0.5308473674999981,3.5274193548387096,-3.32,8.159315712446213,-5.970685666822995,-2.260689255916848,-5.16362213906536,25.446853618673337,-20.89718458798684,3.3,1.5735492709677419,3.2372395240322582,-1.6636902530645163,-1.64507696,4.277472527472527,3.75,3.6938049502108594,3.4,0.820557334399985,1.6637616799999977,-0.05055766879999979,0.008069141600008933,0.37318398547188375,0.13453107624861,0.23148585188681509,0.26079908639269117,3.9583333333333335,3.708333333333333,True
2020Q2,-0.4306129372000034,3.065409836065574,-6.8,18.727264398678734,-14.822137239395428,-13.518233736432794,-5.177019832525698,5.196631309403021,1.952582706282957,2.13,1.3850083180000001,3.6593320925,-2.2743237745,-2.77494673,3.1895604395604398,2.25,3.3371519619393863,3.2,-0.46060207500000505,3.0389902639999855,-0.4322364292000058,-2.1962129932000085,0.3742108710543553,0.14078670393351966,0.23117715588577942,0.2538252691263456,3.895833333333333,3.645833333333333,True
2020Q3,1.2447095295999855,3.0787692307692307,-4.12,-0.15185908287291827,13.414111938955742,10.093801900340083,17.91824726507949,2.963326385750231,12.340260650004709,3.14,0.10762904461538461,3.050387716153846,-2.9427586715384617,-3.19556382,2.097826086956522,2.0,3.31110830305902,2.8,-0.4004982009999991,4.218937529000022,1.083587763199989,2.152219472200012,0.3679027925832445,0.14202914782511306,0.23100361397831615,0.25906444561332637,3.8333333333333335,3.583333333333333,True
2020Q4,3.1313823289999876,3.6233333333333335,-2.78,0.27595970842504425,8.014388141237472,8.178351916661697,7.23463914502922,-8.198436253451646,8.826366686000942,4.52,0.4737350473770492,3.330214842295082,-2.856479794918033,-2.3797643500000003,2.0,2.0,3.456616255445825,3.6,1.7799648035000004,8.232475317200038,2.5511528410999906,2.694018237199991,0.3633554534218137,0.1512056048224193,0.230499921999688,0.254939019756079,3.7708333333333335,3.520833333333333,True
2021Q1,2.052492994999988,3.745255737704918,-1.9,1.678110862097948,14.102794773178484,12.7435582248566,13.602886098780775,9.196856965698386,12.762471357302907,6.1,1.2555232584999998,3.4153860463333334,-2.1598627878333336,-1.84962989,2.1166666666666667,2.75,3.468491853771837,3.5,0.7411294620000008,1.1706849543999809,2.2363405280000137,4.244301281899987,0.359841,0.152659,0.23011299999999998,0.257387,3.708333333333333,3.4583333333333335,True
2021Q2,1.6786286369000036,4.0919483870967746,-1.16,-3.5757654826618746,9.723232086185174,7.4039074821055095,12.582893109840931,-13.011456274368637,10.119742534272458,8.35,2.121944079516129,4.014692890161291,-1.8927488106451618,-1.5024307000000001,3.326923076923077,4.25,3.5002187465500896,3.5,0.12969482750000427,1.0333945673000056,2.6109768320000226,3.328251945799998,0.352685,0.150327,0.231312,0.265676,3.645833333333333,3.395833333333333,True
2021Q3,3.0196768831999954,4.473223076923077,-0.62,-1.1812167753390224,7.18354373004253,4.682837256811645,4.363782831676044,8.379094500487504,6.031249071884126,10.25,3.35780254515625,4.45655173609375,-1.0987491909374998,-0.9846643500000005,4.956521739130435,6.25,3.4897729342389283,3.6,1.6993074618999904,3.6415442965999967,2.774860841599991,4.627027027999997,0.34891995324014025,0.15093554719335844,0.2315763052710842,0.2685681942954171,3.583333333333333,3.333333333333333,True
2021Q4,2.958021687500012,5.071147619047619,-0.18,6.612277343880102,6.323473998808815,5.516088839533584,4.898347115996149,2.560961744627166,2.77242978707406,10.06,5.021912561967213,5.167976406393443,-0.1460638444262301,0.21911252999999942,7.684782608695652,9.25,3.5030371847940702,4.4,2.113179183199998,2.1612761712000106,3.8066671504000116,3.73289052500001,0.34409337637350557,0.14975359901439608,0.2316489265957064,0.2745040980163921,3.520833333333333,3.2708333333333335,True
2022Q1,3.2006523548000043,5.277053225806451,0.1,-6.586803215039483,9.968150470635795,7.382483499210046,10.928175962565678,-16.37054851717432,19.192956500006186,11.3,5.7735967251612905,5.61091358032258,0.16268314483871027,-0.026952190000000265,10.366666666666667,11.75,3.4703626272327854,3.4,2.213202867999997,6.299975183999984,3.56142103999999,2.413473870000016,0.3449771047939431,0.15212436911932206,0.23500311502803525,0.2678954110586995,3.4583333333333335,3.2083333333333335,True
2022Q2,2.215266379399994,5.670629032258065,0.22,-5.9756470977411436,9.265981017419023,6.207973279076828,-6.882143757671155,10.036685314363103,-0.35534992974017854,11.89,5.712676495,5.632284735645161,0.08039175935483911,0.4805832800000003,12.458791208791208,13.25,3.8731574507076485,4.0,2.4292504899999567,3.6802331630999996,2.8556594184999895,0.5173735360000098,0.3410350462102772,0.15658193949163693,0.23575341452048712,0.2666295997775987,3.395833333333333,3.145833333333333,True
2022Q3,-1.3245430992000151,5.443335384615384,0.3,6.285748879383846,-9.506130394837076,-8.722321895631513,-25.691012195800766,3.168068340138941,-8.21688204869675,7.17,6.727428227846154,5.933955156307692,0.7934730715384619,0.7516324599999997,13.565217391304348,13.75,4.083037763386512,3.5,1.4865689599999898,0.6074177357999755,0.759602383999991,-7.916927192500001,0.34893369786739575,0.1606023212046424,0.23975847951695906,0.25070550141100284,3.333333333333333,3.0833333333333335,True
2022Q4,1.6286339977999997,5.208917741935484,0.33,0.1750334155020461,-4.780670178523927,0.11934324143672015,-1.1741744345478367,-3.5563737717625,-4.684012319376496,5.79,6.37259863442623,6.014102786885246,0.3584958475409836,0.2619868099999998,13.75,13.75,3.6881169868185806,3.3,1.2443948323999976,2.104470944000014,2.060935246700013,1.454990860000005,0.35057389655662063,0.1603150381097713,0.24028755827465031,0.2488235070589576,3.2708333333333335,3.0208333333333335,True
2023Q1,2.094210609200031,5.491176190476191,0.33,-1.1295811935857714,-4.550613985585095,1.107689506035392,8.911151910812709,-2.6666693121257357,-6.47381067046755,4.65,6.071182961746032,6.240962522063493,-0.169779560317461,-0.22063703000000068,13.75,13.75,3.912360597764088,3.8,2.2735061500000153,0.4993436640000182,0.9728024803999924,3.932536918400009,0.35215194354416934,0.15929252212243364,0.2400792797621607,0.2484762545712363,3.2083333333333335,3.0,True
2023Q2,0.760729877599986,4.804795081967213,0.36,-4.886212270882995,-1.5840213322269925,0.8260908305927295,-4.712686947873301,-5.278205946464465,1.0837176316662145,3.16,6.043207577868852,5.713442947704918,0.3297646301639343,0.7379053999999998,13.75,13.75,4.0482501744818835,3.4,1.0825380655999917,-0.34781099999999787,0.12721210870001443,1.6370516635999977,0.349228,0.157795,0.238672,0.254305,3.145833333333333,3.0,True
2023Q3,0.6111867176000096,4.14263125,0.42,-1.3885713228043883,4.284235459406194,4.385680215507826,-1.4639304973083966,3.834881921998745,6.562973004981565,5.19,5.6065478359375,5.34947649109375,0.2570713448437498,0.005658140000000422,13.375,12.75,3.652556782597537,3.2,0.8318509999999835,-2.970824534399996,0.23950323200001566,2.8549523355999806,0.3516313516313516,0.15258315258315255,0.23766923766923764,0.2581162581162581,3.0833333333333335,3.0,True
2023Q4,1.083587763199989,3.9330278688524594,0.54,1.5252628954145475,-1.9477377324088607,-2.102382305229167,-2.592903419096615,-3.3773478698697623,-7.434004456135401,4.62,5.8327623385,5.682433832333333,0.15032850616666682,0.008116280000000309,12.326086956521738,11.75,3.551162122283188,3.1,1.9018947799999797,2.3757201350000035,-0.24156430240001026,0.44035485120001994,0.35507686953878276,0.15144509132945203,0.23418159491043056,0.2592964442213347,3.0208333333333335,3.0,True
2024Q1,1.4154915775999921,3.695939344262295,0.8,-0.07631766654361272,-0.03224831228187952,1.4937399046369038,1.889864181388301,3.1494343783019074,5.743263037206425,3.93,5.597184553934426,5.617663769672131,-0.020479215737704948,-0.06732221000000038,11.35989010989011,10.75,3.5057358961412013,3.1,1.1812922119999847,3.5576786048000297,0.45007109279999735,1.3243511800000052,0.3546811280867685,0.15513693082158495,0.2319523917143503,0.2582295493772963,3.0,3.0,True
2024Q2,1.053515670799987,3.5798857142857146,1.06,5.144419822606383,4.747708365473358,1.6863745284126708,15.579209784142733,10.672262347492477,2.332603280827339,4.23,6.181412597301587,6.178193342698413,0.003219254603173738,0.0042792000000000385,10.604395604395604,10.5,3.628926548461046,3.4,0.4903800799999969,1.95228012619999,0.6312597917000007,1.6283404310000194,0.35313576567882843,0.15677278386391932,0.23049415247076235,0.25959729798648995,3.0,3.0,True
2024Q3,0.8015076655999875,3.80344696969697,1.29,6.183269751018572,-2.554506833220671,-1.8627750942637356,-2.4738171173269485,-2.013332292409764,-2.2323526458648324,4.42,6.547632687878789,6.228242703636363,0.3193899842424255,0.31006898999999954,10.532608695652174,10.75,3.728438149461762,3.5,1.1432877000000063,-1.681459271199992,0.6714109504000199,1.9783869103999985,0.35468535468535467,0.15314415314415314,0.23068623068623068,0.26148426148426146,3.0,3.0,True
2024Q4,1.47713535680003,4.28664126984127,1.39,5.1232152366208705,4.349182549781094,5.709369468062775,2.6780231989106618,12.803966068766591,5.235956528011787,4.83,7.1990669157377045,6.866992463934426,0.33207445180327877,0.3594055400000009,11.266304347826088,12.25,3.8129209228295515,4.0,1.850712172999991,4.257791359400009,1.083247924999986,-0.3358944990999979,0.35452877264386323,0.15651778258891294,0.22886914434572173,0.2600843004215021,3.0,3.0,True
2025Q1,2.0403397376000276,5.384129508196721,1.32,0.26056221652888123,2.5447140078607156,2.9040583779500473,1.7385471711686584,-7.546417256458615,-0.7185390744235853,5.48,7.806960650983607,7.671623288360656,0.13533736262295104,0.8671635599999998,13.061111111111112,14.25,4.245152455650184,3.9,2.2363556552000174,3.2029297343000085,1.2350368400000145,1.7748335424000228,0.3555383555383555,0.15813315813315812,0.22776822776822772,0.25856025856025855,3.0,3.0,True
2025Q2,0.9327766831999762,4.881524590163935,1.07,-3.2315428717842876,-2.386232379308506,-1.5075831514414162,-0.7941936408688122,-5.092489903836195,0.528180134459344,5.35,8.374263213606557,7.399135170327869,0.975128043278688,1.4831151699999996,14.57967032967033,15.0,4.316301036792674,3.6,0.7818814400000207,0.4165102861999781,0.7206441487999982,1.658764700000015,0.3546535465354654,0.15954759547595476,0.22730727307273074,0.2584915849158492,3.0,3.0,True
2025Q3,0.6304326271999727,4.443568181818182,0.82,-3.909064160202891,1.7843436653039113,0.7515848142756631,7.2281315797962264,-2.570740229653512,2.1456124555309763,5.17,8.598863323787878,7.46471368409091,1.1341496396969681,1.0064222799999998,15.0,15.0,4.127734336174893,3.4,1.1135779913000077,-1.9180644806999991,0.20001195679999473,1.9269585730999683,0.35806635806635806,0.15588015588015586,0.22681522681522678,0.2592382592382592,3.0,3.0,True
2025Q4,0.6010535345999823,4.088478125,0.6,-0.9840219294804831,-0.12785948318860818,-4.076520758796498,14.186138796751369,3.397424986916331,-0.7929993645950262,4.26,8.49456224080645,7.485674163548388,1.0088880772580628,0.8717712899999999,15.0,15.0,3.868272996877138,3.2,1.7397497119999938,-0.22018355199999728,0.21866458239998554,-0.17044526080000066,0.35948056207775175,0.1535563857744569,0.22466710133159468,0.2622959508161968,3.0,3.0,True
2026Q1,1.9213943279999812,3.9989196721311475,0.49,-2.5605206515253887,5.599472832009766,-0.6488220044517767,22.09965845979145,-5.2801907936451675,7.481067680588183,4.14,8.110960488032786,7.544837318852459,0.5661231691803268,0.33066283999999957,14.963888888888889,14.75,3.7652313079969923,3.3,2.1500510029999864,2.2766364620000035,1.2650254294000352,1.9294519922000264,0.3628569028552229,0.1522482179857439,0.2248607988863911,0.2600340802726422,3.0,3.0,True
2026Q2,1.4158922176000122,4.045747540983607,0.36,-4.068504353787561,6.140296715547766,4.504675788056378,3.189727352138938,-0.8233982649917593,1.3655567338462404,4.64,8.173870789016394,7.665728376721312,0.5081424122950828,0.7344269499999996,14.543956043956044,14.25,3.874037881083023,3.7,0.7716125279999986,2.9141234659999737,1.0530201824000107,1.7385887599999705,0.358826,0.156943,0.222882,0.261349,3.0,3.0,True
2026Q3,,4.305065384615385,,1.6188607189525417,-1.2810689111994122,1.1185104912939892,-3.5273879663919594,-0.36965041462257986,2.375408600810669,,8.28704813226415,7.905197020754717,0.38185111150943296,-0.04378555999999989,14.116883116883116,14.0,3.964770629968938,3.2,,,,,0.36113727772544457,0.15423769152461694,0.22242755514488977,0.2621974756050488,3.0,3.0,False
